0,0,0,0,0,0,0,0,0,0,0,0,0,0,0,0,0,0,0,0,0,0,0,0,0,0,0,0,0,0,0,0,0,0,0,0,0,0,0,0,0,0,0,0,0,0,0,0,0
0,0,0,0,0,0,0,0,0,0,0,0,0,0,0,0,0,0,0,0,0,0,0,0,0,0,0,0,0,0,0,0,0,0,0,0,0,0,0,0,0,0,0,0,0,0,0,0,0
0.446877639,0.456026821,0.475147268,0.489246672,0.511082215,0.528196621,0.603470941,0.700738521,0.708147194,0.72287818,0.857577264,0.947425476,1.007997309,1.007427379,1.015406242,0.985514766,1.021136964,1.008623852,0.969191962,0.929762792,0.89043266,0.851000972,0.819456371,0.81545906,0.811490951,0.807609774,0.803641136,0.799666443,0.795773886,0.791788714,0.772081538,0.732674847,0.693259205,0.653859108,0.614408781,0.574980571,0.535569894,0.496117536,0.456681698,0.417258503,0.41726896,0.417288589,0.417270922,0.417261045,0.417258483,0.417291986,0.417266294,0.41728744,0.417265382
0,0,0,0,0,0,0,0,0,0,0,0,0,0,0,0,0,0,0,0,0,0,0,0,0,0,0,0,0,0,0,0,0,0,0,0,0,0,0,0,0,0,0,0,0,0,0,0,0
5.72620437,5.749604307,5.691374953,5.869494884,6.121985832,6.326921466,5.865062276,4.216608673,4.006003422,4.028167761,4.268044233,3.935575798,3.563427744,3.024830374,2.733261422,2.536722091,2.150151778,1.998497157,1.874042636,1.749588116,1.625133596,1.500679075,1.401115458,1.388670007,1.376224555,1.363779102,1.351333651,1.338888199,1.326442746,1.313997295,1.251770034,1.127315514,1.002860994,0.878406474,0.753951953,0.629497433,0.505042913,0.380588392,0.256133872,0.131679352,0.131679352,0.131679352,0.131679352,0.131679352,0.131679352,0.131679352,0.131679352,0.131679352,0.131679352
0.984019612,0.992798445,1.108416204,1.093827379,1.109985674,1.131191267,1.176508097,1.180385119,1.175707365,1.179320629,1.209209814,1.193967237,1.145702059,0.992220809,0.866360981,0.766153934,0.70111335,0.629842427,0.611926875,0.594011323,0.576095772,0.55818022,0.543847779,0.542056224,0.540264668,0.538473113,0.536681558,0.534890003,0.533098448,0.531306893,0.522349117,0.504433565,0.486518013,0.468602462,0.45068691,0.432771358,0.414855807,0.396940255,0.379024703,0.361109152,0.361109152,0.361109152,0.361109152,0.361109152,0.361109152,0.361109152,0.361109152,0.361109152,0.361109152
2.714394017,2.767571228,3.126086931,3.111258026,3.187812231,3.262077407,3.59561791,4.013929437,4.040651031,4.05909706,4.210403811,4.377043996,4.471444675,4.106058901,3.769944109,3.491052542,3.334782435,3.081988221,2.945077592,2.808166965,2.671256339,2.53434571,2.424817208,2.411126145,2.397435083,2.38374402,2.370052957,2.356361894,2.342670832,2.328979769,2.260524455,2.123613827,1.9867032,1.849792573,1.712881945,1.575971317,1.43906069,1.302150062,1.165239435,1.028328807,1.028328807,1.028328807,1.028328807,1.028328807,1.028328807,1.028328807,1.028328807,1.028328807,1.028328807
6.79230076,6.886397939,7.047098902,7.25374665,7.64989696,7.911722491,8.594245221,8.993335742,8.987908334,9.046282161,9.558394294,9.460480325,9.50272285,8.939815294,8.377741605,8.264709338,8.040347201,7.522416813,7.123151266,6.723885716,6.324620168,5.925354618,5.605942179,5.566015626,5.526089071,5.486162515,5.446235959,5.406309407,5.366382851,5.326456296,5.12682352,4.727557973,4.328292423,3.929026875,3.529761325,3.130495777,2.731230229,2.33196468,1.932699131,1.533433582,1.533433582,1.533433582,1.533433582,1.533433582,1.533433582,1.533433582,1.533433582,1.533433582,1.533433582
0.130041123,0.136937457,0.14915622,0.156699852,0.166298854,0.17613403,0.201468491,0.202852525,0.200481405,0.201455944,0.209517685,0.216236106,0.213562522,0.212992756,0.205304877,0.191770671,0.167893814,0.147164776,0.141834246,0.136503716,0.131173186,0.125842655,0.121578231,0.121045178,0.120512125,0.119979072,0.119446019,0.118912966,0.118379913,0.11784686,0.115181595,0.109851065,0.104520534,0.099190004,0.093859474,0.088528944,0.083198413,0.077867883,0.072537353,0.067206823,0.067206823,0.067206823,0.067206823,0.067206823,0.067206823,0.067206823,0.067206823,0.067206823,0.067206823
0.109823089,0.112091811,0.140472768,0.147344235,0.142804572,0.148730289,0.171330305,0.195747888,0.197824006,0.199158222,0.211000336,0.216596467,0.210469031,0.20635386,0.197052667,0.183936309,0.172405912,0.159707366,0.156897384,0.154087403,0.151277421,0.14846744,0.146219455,0.145938457,0.145657458,0.14537646,0.145095462,0.144814464,0.144533466,0.144252468,0.142847477,0.140037496,0.137227514,0.134417533,0.131607551,0.12879757,0.125987588,0.123177607,0.120367625,0.117557644,0.117557644,0.117557644,0.117557644,0.117557644,0.117557644,0.117557644,0.117557644,0.117557644,0.117557644
0,0,0,0,0,0,0,0,0,0,0,0,0,0,0,0,0,0,0,0,0,0,0,0,0,0,0,0,0,0,0,0,0,0,0,0,0,0,0,0,0,0,0,0,0,0,0,0,0
0,0,0,0,0,0,0,0,0,0,0,0,0,0,0,0,0,0,0,0,0,0,0,0,0,0,0,0,0,0,0,0,0,0,0,0,0,0,0,0,0,0,0,0,0,0,0,0,0
0,0,0,0,0,0,0,0,0,0,0,0,0,0,0,0,0,0,0,0,0,0,0,0,0,0,0,0,0,0,0,0,0,0,0,0,0,0,0,0,0,0,0,0,0,0,0,0,0
0,0,0,0,0,0,0,0,0,0,0,0,0,0,0,0,0,0,0,0,0,0,0,0,0,0,0,0,0,0,0,0,0,0,0,0,0,0,0,0,0,0,0,0,0,0,0,0,0
0,0,0,0,0,0,0,0,0,0,0,0,0,0,0,0,0,0,0,0,0,0,0,0,0,0,0,0,0,0,0,0,0,0,0,0,0,0,0,0,0,0,0,0,0,0,0,0,0
0,0,0,0,0,0,0,0,0,0,0,0,0,0,0,0,0,0,0,0,0,0,0,0,0,0,0,0,0,0,0,0,0,0,0,0,0,0,0,0,0,0,0,0,0,0,0,0,0
0,0,0,0,0,0,0,0,0,0,0,0,0,0,0,0,0,0,0,0,0,0,0,0,0,0,0,0,0,0,0,0,0,0,0,0,0,0,0,0,0,0,0,0,0,0,0,0,0
0,0,0,0,0,0,0,0,0,0,0,0,0,0,0,0,0,0,0,0,0,0,0,0,0,0,0,0,0,0,0,0,0,0,0,0,0,0,0,0,0,0,0,0,0,0,0,0,0
0,0,0,0,0,0,0,0,0,0,0,0,0,0,0,0,0,0,0,0,0,0,0,0,0,0,0,0,0,0,0,0,0,0,0,0,0,0,0,0,0,0,0,0,0,0,0,0,0
0,0,0,0,0,0,0,0,0,0,0,0,0,0,0,0,0,0,0,0,0,0,0,0,0,0,0,0,0,0,0,0,0,0,0,0,0,0,0,0,0,0,0,0,0,0,0,0,0
0,0,0,0,0,0,0,0,0,0,0,0,0,0,0,0,0,0,0,0,0,0,0,0,0,0,0,0,0,0,0,0,0,0,0,0,0,0,0,0,0,0,0,0,0,0,0,0,0
0,0,0,0,0,0,0,0,0,0,0,0,0,0,0,0,0,0,0,0,0,0,0,0,0,0,0,0,0,0,0,0,0,0,0,0,0,0,0,0,0,0,0,0,0,0,0,0,0
0,0,0,0,0,0,0,0,0,0,0,0,0,0,0,0,0,0,0,0,0,0,0,0,0,0,0,0,0,0,0,0,0,0,0,0,0,0,0,0,0,0,0,0,0,0,0,0,0
0.382397009,0.393263638,0.390816923,0.401494301,0.398237099,0.417666505,0.459968731,0.494230066,0.486366297,0.489292908,0.515869528,0.554924782,0.618992435,0.682923252,0.728715324,0.812945514,0.57493162,0.399458235,0.28143618,0.190784998,0.136499356,0.103011071,0.084169885,0.083030095,0.081893336,0.079834003,0.077781447,0.075671822,0.073628218,0.07153914,0.06850669,0.060234761,0.055639024,0.053924861,0.054771278,0.057593688,0.060157151,0.062547214,0.06462432,0.066429335,0.067836618,0.068875154,0.069567676,0.069785033,0.069533134,0.069567145,0.0695279,0.069593747,0.069556624
0.443181717,0.412513782,0.402716482,0.435609546,0.402793465,0.366487232,0.377729564,0.364837132,0.355221107,0.277231167,0.161635909,0.165263351,0.1508726,0.123260768,0.032427529,-0.334030055,-0.241366716,-0.368441128,-0.470396579,-0.521145049,0,0,0,0,0,0,0,0,0,0,0,0,0,0,0,0,0,0,0,0,0,0,0,0,0,0,0,0,0
41.39750454,41.67561263,42.95404887,43.76405766,45.24025657,46.27065997,49.17632719,50.82127434,50.75398049,51.08280037,54.07237922,52.14468799,47.66864658,48.49856601,48.84919929,46.49351449,45.18782417,44.63382415,42.88919608,41.14456008,39.399956,37.65536578,36.2596602,36.08520683,35.91077259,35.73633287,35.56187141,35.38739449,35.21292883,35.03841352,34.16617801,32.42156608,30.67694807,28.93235131,27.1877064,25.44309492,23.69848424,21.95387933,20.20927602,18.46469178,18.4646869,18.46467849,18.46467075,18.46468856,18.46466575,18.4646597,18.46466793,18.46467511,18.46466294
0.856418752,0.869862758,0.897904944,0.911484969,0.938353047,0.956885175,0.94910697,0.994228161,0.999808747,1.005348954,1.0544789,1.074729914,1.06285355,1.044515862,1.00093655,0.913141507,0.838654818,0.768837092,0.759658804,0.750420721,0.74117186,0.732005144,0.724630941,0.723677225,0.72281216,0.72182892,0.720940782,0.719998837,0.719077466,0.718156094,0.713549236,0.704335521,0.695121805,0.68590809,0.676694375,0.667480659,0.658266944,0.649053228,0.639839513,0.630625797,0.630625797,0.630625797,0.630625797,0.630625797,0.630625797,0.630625797,0.630625797,0.630625797,0.630625797
4.698713032,4.043488741,3.917547735,3.953276521,4.033606703,4.076961951,3.771379498,2.675307947,2.537530123,2.56000278,2.80005391,2.665997964,2.479525387,2.173273053,2.001370965,1.838257056,1.635660072,1.520372039,1.425692308,1.331012577,1.236332847,1.141653115,1.065909331,1.056441358,1.046973385,1.037505411,1.028037439,1.018569466,1.009101492,0.999633519,0.952293654,0.857613923,0.762934192,0.668254462,0.573574731,0.478895,0.384215269,0.289535538,0.194855807,0.100176077,0.100176077,0.100176077,0.100176077,0.100176077,0.100176077,0.100176077,0.100176077,0.100176077,0.100176077
93.6553574,92.96327596,102.1344581,99.18904083,99.06130624,99.37773187,89.06438879,64.20416339,61.24445144,60.99279591,58.73623751,56.50265487,55.00844531,49.26163028,43.96790553,39.02100935,34.00478378,30.55026094,29.6812741,28.81228726,27.94330043,27.07431359,26.37912412,26.29222544,26.20532675,26.11842807,26.03152939,25.9446307,25.85773202,25.77083333,25.33633992,24.46735308,23.59836624,22.72937941,21.86039257,20.99140573,20.1224189,19.25343206,18.38444522,17.51545839,17.51545839,17.51545839,17.51545839,17.51545839,17.51545839,17.51545839,17.51545839,17.51545839,17.51545839
22.81565483,22.77652986,25.20581662,24.58532438,24.6944325,24.78082162,22.67322778,16.78934547,16.01334733,16.05097133,16.35114748,17.44654644,18.99934816,21.18087396,18.50451544,11.35001549,11.26433591,10.41051266,9.948048262,9.485583869,9.023119475,8.560655076,8.19068356,8.144437119,8.09819068,8.051944241,8.005697801,7.959451361,7.913204922,7.866958482,7.635726284,7.173261887,6.710797491,6.248333095,5.785868699,5.323404303,4.860939907,4.39847551,3.936011114,3.473546718,3.473546718,3.473546718,3.473546718,3.473546718,3.473546718,3.473546718,3.473546718,3.473546718,3.473546718
3.14172834,3.118136434,3.128941579,3.158598524,3.267531189,3.315357113,3.371793876,3.105342295,3.05818364,3.052796275,3.00332741,2.82763192,2.762806044,2.500797942,2.178656014,1.895048575,1.673198841,1.565347053,1.482263496,1.399179938,1.316096381,1.233012823,1.166545977,1.158237622,1.149929266,1.14162091,1.133312554,1.125004199,1.116695843,1.108387487,1.066845708,0.983762151,0.900678593,0.817595036,0.734511478,0.65142792,0.568344363,0.485260805,0.402177248,0.31909369,0.31909369,0.31909369,0.31909369,0.31909369,0.31909369,0.31909369,0.31909369,0.31909369,0.31909369
0.889649447,0.894132357,0.936257627,0.9475492,0.970582489,0.992735961,0.99591162,0.769247786,0.735923048,0.732088925,0.696862161,0.659536204,0.60154127,0.529379081,0.45375074,0.378962291,0.312882708,0.274286589,0.264351515,0.254416441,0.244481367,0.234546293,0.226598233,0.225604726,0.224611218,0.223617711,0.222624204,0.221630696,0.220637189,0.219643681,0.214676144,0.20474107,0.194805996,0.184870922,0.174935848,0.165000774,0.1550657,0.145130625,0.135195551,0.125260477,0.125260477,0.125260477,0.125260477,0.125260477,0.125260477,0.125260477,0.125260477,0.125260477,0.125260477
4.000866947,3.905103855,4.685346213,4.711775077,4.386420945,4.393298511,4.159211668,3.033561441,2.882971315,2.875112524,2.803913931,2.671605017,2.442242551,2.194784299,1.951861452,1.723492097,1.516556858,1.404915194,1.380196324,1.355477453,1.330758584,1.306039713,1.286264617,1.28379273,1.281320843,1.278848955,1.276377069,1.273905182,1.271433295,1.268961407,1.256601972,1.231883103,1.207164232,1.182445362,1.157726492,1.133007622,1.108288751,1.083569882,1.058851011,1.034132141,1.034132141,1.034132141,1.034132141,1.034132141,1.034132141,1.034132141,1.034132141,1.034132141,1.034132141
5.149560778,5.18923085,5.443730429,5.532177615,5.602237262,5.705784363,6.000744997,6.317384144,6.340933658,6.380996225,6.738094558,6.994445522,7.132669759,7.126550672,6.984917943,6.779862839,6.578891467,6.382154731,6.286386455,6.190618179,6.094849902,5.999081626,5.922467005,5.912890178,5.90331335,5.893736523,5.884159696,5.874582867,5.86500604,5.855429212,5.807545074,5.711776798,5.616008521,5.520240245,5.42447197,5.328703694,5.232935417,5.137167141,5.041398865,4.945630589,4.945630589,4.945630589,4.945630589,4.945630589,4.945630589,4.945630589,4.945630589,4.945630589,4.945630589
0.621850464,0.672550818,0.770831169,0.820152896,0.805862825,0.741080625,0.726449636,0.794276407,0.799432071,0.813227916,0.936715319,1.033327638,1.104339891,1.08449173,1.020616023,0.670811265,0.624798318,0.587494161,0.548345367,0.50916382,0.470017946,0.43082155,0.399266638,0.397553695,0.393617519,0.389681344,0.385745169,0.381808994,0.377872819,0.373936643,0.354255767,0.314894016,0.275532264,0.235709241,0.196424368,0.157139494,0.117854621,0.078569747,0.039284873,0,0,0,0,0,0,0,0,0,0
0.018966867,0.019908102,0.021900184,0.019503477,0.013222805,0.011396407,0.011292431,0.01209933,0.012418082,0.012127286,0.009758833,0.007379209,0.005463202,0.003499951,0.002236554,0.000971891,0.000404034,0.000386315,0.000369816,0.000325078,0.000311362,0.000314977,0.000286296,0,0,0,0,0,0,0,0,0,0,0,0,0,0,0,0,0,0,0,0,0,0,0,0,0,0
0,0,0,0,0,0,0,0,0,0,0,0,0,0,0,0,0,0,0,0,0,0,0,0,0,0,0,0,0,0,0,0,0,0,0,0,0,0,0,0,0,0,0,0,0,0,0,0,0
0.288553313,0.279178447,0.302373938,0.342677382,0.396248247,0.45631383,0.486771843,0.196089912,0.093512669,0.086120409,0.019588082,0.009495501,0.003777994,0.002007273,0.000996575,0.000498391,0,0,0,0,0,0,0,0,0,0,0,0,0,0,0,0,0,0,0,0,0,0,0,0,0,0,0,0,0,0,0,0,0
0.04508475,0.059964436,0.108994616,0.194554849,0.229617814,0.271677188,0.866421991,0.747560092,0.397799611,0.374915237,0.100030124,0.058470958,0.027546786,0.017059217,0.009591471,0.005057017,0.002691776,0,0,0,0,0,0,0,0,0,0,0,0,0,0,0,0,0,0,0,0,0,0,0,0,0,0,0,0,0,0,0,0
0,0.010463581,0.011955807,0.013941078,0.015920877,0.017701068,0.021740259,0.028302727,0.029764409,0.029581952,0.023321899,0.019369693,0.017792288,0.016766437,0.015586021,0.014610377,0.013787121,0.012725279,0.011876927,0.011028575,0.010180223,0.009331871,0.00865319,0.008567735,0.008482743,0.008397755,0.008312769,0.008227787,0.008142731,0.008059314,0.007635298,0.006786888,0.005938431,0.0050901,0.004241804,0.003392896,0.002544802,0.001696654,0.000848231,0,0,0,0,0,0,0,0,0,0
0.538632281,0.6185171,0.719625065,0.957171774,0.985292177,1.027349306,1.824220874,6.353804703,7.02118397,7.332210659,10.38841521,11.75090179,12.48063287,15.16279431,18.63924471,22.12868662,24.69985274,23.33393761,21.77834177,20.22274593,18.66715009,17.11155425,15.86707758,15.71137611,15.55548411,15.4002553,15.24443545,15.08913466,14.93370042,14.77769709,14.00014363,12.44463925,10.88907137,9.33326275,7.777994156,6.222245883,4.666652318,3.111133416,1.555543155,0,0,0,0,0,0,0,0,0,0
4.989418575,4.982172531,5.467658043,6.381663299,6.968653268,7.120923317,9.214419842,13.39120564,14.00840054,13.94700296,12.83226405,11.55774235,11.13443756,12.80495272,14.92333746,17.29928069,20.43577736,20.0365873,18.7008047,17.36502776,16.02927806,14.69349687,13.62486771,13.49129855,13.35771485,13.22414007,13.0905783,12.95698287,12.82341023,12.68984491,12.02195287,10.68617992,9.350407116,8.01464097,6.678855452,5.343094181,4.007313657,2.671542185,1.335771174,0,0,0,0,0,0,0,0,0,0
0.495448142,0.630061725,0.780098053,0.906954987,0.924005943,0.890196565,1.344835108,3.357375508,3.683055636,3.828630143,5.177661161,5.91584986,6.265809538,7.537841256,8.997248304,10.17589084,11.20100168,10.58096556,9.875596651,9.170057247,8.464689777,7.759300278,7.195040203,7.124535911,7.054010111,6.983351291,6.912826268,6.842281575,6.771717814,6.701281934,6.348540951,5.643154907,4.937725083,4.232377258,3.52699854,2.821599186,2.116195419,1.410787492,0.705398982,0,0,0,0,0,0,0,0,0,0
0.005440748,0.006821702,0.00979386,0.013961089,0.021225111,0.027480368,0.033837411,0.054085254,0.055727136,0.056587826,0.07562089,0.087912942,0.103007856,0.129381107,0.168888889,0.223050847,0.257961783,0.23929078,0.21875,0.197702703,0.191721854,0.172402597,0.156687898,0.156861436,0.155893155,0.153956594,0.152020033,0.151051753,0.149115192,0.148146912,0.140400668,0.12490818,0.108266667,0.093186667,0.077623333,0.062156667,0.046593333,0.030978369,0.015537438,0,0,0,0,0,0,0,0,0,0
0.000637427,0.015111403,0.054677426,0.097966093,0.124670491,0.132692498,0.176456959,0.40949951,0.451680267,0.466550882,0.606752202,0.67344151,0.718402794,0.927663837,1.109829822,1.236407972,1.42360728,1.376554814,1.284784493,1.193014172,1.101243851,1.00947353,0.936057274,0.926865676,0.917698024,0.908529091,0.899336839,0.890164596,0.880989067,0.871811405,0.825939936,0.73415359,0.642386039,0.550625312,0.458844171,0.367084522,0.27530978,0.183540317,0.091769249,0,0,0,0,0,0,0,0,0,0
0.219579783,0.223637108,0.232680853,0.236573849,0.24326115,0.272854591,0.322921752,0.367631278,0.370587685,0.352772244,0.169148099,0.169043196,0.15714844,0.15740304,0.142404337,0.112580852,0.083961438,0.075867404,0.070812528,0.065758977,0.060687206,0.055632959,0.051619206,0.051084255,0.050578471,0.050072686,0.049566901,0.049061117,0.048555332,0.048049547,0.045520624,0.040462777,0.035404929,0.030347082,0.025289235,0.020231388,0.015173541,0.010115694,0.005057847,0,0,0,0,0,0,0,0,0,0
0.598642002,0.597407463,0.619592836,0.649801811,0.681441498,0.719618515,0.883888431,1.093921063,1.090783649,1.104769651,1.22982265,1.321325197,1.405758915,1.441370061,1.387874664,1.283364318,0.867022418,0.602437917,0.424409923,0.287645074,0.20590469,0.15534688,0.126921151,0.125213082,0.123493943,0.120361356,0.117266103,0.114156084,0.111029546,0.107903768,0.10330443,0.090849265,0.083871902,0.08129614,0.082647196,0.086807123,0.090781565,0.094354072,0.097512877,0.100188506,0.102332424,0.103919739,0.104899623,0.105243844,0.104879888,0.104850482,0.10489217,0.104860849,0.104922738
0.298774191,0.281669388,0.279711989,0.270950899,0.253819896,0.244575889,0.22371095,0.072130228,0.029954161,0.02415926,0.02455229,0.108831963,0.207173067,0.143483237,0.030713879,-0.080813723,-0.138562374,-0.212254128,-0.271219649,-0.295785028,0,0,0,0,0,0,0,0,0,0,0,0,0,0,0,0,0,0,0,0,0,0,0,0,0,0,0,0,0
45.77173919,46.77750293,48.80519313,50.317823,52.61600614,54.41795852,60.38561592,66.89641064,67.29353204,67.77313229,72.13688253,72.26639488,70.84148174,68.00788039,67.29590394,65.49530927,67.20248364,66.37858736,63.78406657,61.18947686,58.59493442,56.00041236,53.92478923,53.66533116,53.40588564,53.14638902,52.88690382,52.62744327,52.3680464,52.10857727,50.81124779,48.21676435,45.62219228,43.0276435,40.4330804,37.83851989,35.24398079,32.64943971,30.05486812,27.46032371,27.4603258,27.46034013,27.46035079,27.46032706,27.46032929,27.46033647,27.46031837,27.46033711,27.46032152
0.967569578,0.986482265,1.024696738,1.046667129,1.084148455,1.112286464,1.173168515,1.361707913,1.383805314,1.398056664,1.527417038,1.636415467,1.710602808,1.683841851,1.608566396,1.455650704,1.350602651,1.238183326,1.223361108,1.208555189,1.193662391,1.178857249,1.166994149,1.165484709,1.164000478,1.162566013,1.161090187,1.159573166,1.158089278,1.15660539,1.149185949,1.134347068,1.119508187,1.104669305,1.089830424,1.074991543,1.060152662,1.045313781,1.0304749,1.015636019,1.015636019,1.015636019,1.015636019,1.015636019,1.015636019,1.015636019,1.015636019,1.015636019,1.015636019
6.308645884,6.924264616,6.88661736,7.135667752,7.477734221,7.764512076,7.74968594,6.371033436,6.144911613,6.240899422,7.256495921,7.295356857,7.140887596,6.995094033,7.026685974,6.768981298,5.532481432,5.142382396,4.822145394,4.501908395,4.181671396,3.861434394,3.605244793,3.573221094,3.541197395,3.509173693,3.477149994,3.445126295,3.413102593,3.381078894,3.220960394,2.900723394,2.580486394,2.260249393,1.940012393,1.619775393,1.299538393,0.979301393,0.659064392,0.338827392,0.338827392,0.338827392,0.338827392,0.338827392,0.338827392,0.338827392,0.338827392,0.338827392,0.338827392
237.3796648,239.5313038,267.6538143,264.3282999,268.4067595,273.7290335,288.6587718,296.5355566,296.1052557,295.5666587,290.5355418,285.4384102,283.5918417,275.3918262,261.8808432,242.9969345,206.8854644,185.8681937,180.5812662,175.2943387,170.0074113,164.7204838,160.4909418,159.9622491,159.4335563,158.9048636,158.3761709,157.8474781,157.3187853,156.7900926,154.1466289,148.8597014,143.5727739,138.2858465,132.998919,127.7119915,122.4250641,117.1381366,111.8512091,106.5642817,106.5642817,106.5642817,106.5642817,106.5642817,106.5642817,106.5642817,106.5642817,106.5642817,106.5642817
52.7575445,53.39829755,59.92565894,59.26612178,60.3523489,61.39356609,64.14630208,65.23152447,65.00138996,65.24135471,67.19619935,68.79648783,68.63436962,66.23090481,65.13393178,65.99081789,56.98527175,52.66590975,50.32634115,47.98677261,45.64720406,43.30763548,41.43598063,41.20202377,40.96806692,40.73411006,40.5001532,40.26619635,40.03223949,39.79828263,38.62849836,36.28892979,33.94936123,31.60979267,29.2702241,26.93065554,24.59108698,22.25151841,19.91194985,17.57238129,17.57238129,17.57238129,17.57238129,17.57238129,17.57238129,17.57238129,17.57238129,17.57238129,17.57238129
5.989892789,6.083143343,6.23694211,6.431594085,6.795132833,7.039959499,7.716232653,8.201600991,8.210251951,8.221121608,8.312772337,8.003262723,7.950798882,8.057547313,7.879936447,7.80275166,7.025800086,6.573304804,6.224415051,5.875525296,5.526635544,5.177745789,4.898633985,4.863745012,4.828856036,4.79396706,4.759078084,4.724189111,4.689300135,4.654411158,4.479966281,4.131076528,3.782186773,3.433297021,3.084407266,2.735517513,2.386627759,2.037738006,1.688848252,1.339958498,1.339958498,1.339958498,1.339958498,1.339958498,1.339958498,1.339958498,1.339958498,1.339958498,1.339958498
1.793057838,1.82548016,1.948101177,2.008514384,2.09511439,2.181640662,2.489302765,2.500910102,2.471104786,2.465895213,2.414644873,2.347721609,2.193217421,2.064067954,1.847840186,1.566401889,1.220915345,1.070308004,1.031539833,0.992771662,0.954003491,0.91523532,0.884220783,0.880343967,0.876467149,0.872590332,0.868713515,0.864836698,0.860959881,0.857083064,0.837698979,0.798930808,0.760162637,0.721394466,0.682626295,0.643858124,0.605089953,0.566321783,0.527553612,0.488785441,0.488785441,0.488785441,0.488785441,0.488785441,0.488785441,0.488785441,0.488785441,0.488785441,0.488785441
8.776557437,8.731452526,10.70212177,10.99086965,10.44606521,10.67800748,11.92621903,12.9340376,12.99763131,12.97236294,12.74210616,12.31265148,11.4894042,10.80734786,9.825239113,8.626168579,7.388058671,6.844258786,6.723837036,6.603415286,6.48299354,6.36257179,6.266234391,6.254192216,6.24215004,6.230107864,6.218065692,6.206023516,6.19398134,6.181939164,6.121728289,6.001306544,5.880884793,5.760463043,5.640041298,5.519619547,5.399197797,5.278776051,5.158354301,5.037932551,5.037932551,5.037932551,5.037932551,5.037932551,5.037932551,5.037932551,5.037932551,5.037932551,5.037932551
5.64940705,5.732236714,6.022683862,6.129604754,6.216163699,6.33990191,6.751838367,7.263707404,7.30799019,7.373466731,7.964804327,8.461657321,8.818649391,8.980132233,8.904389749,8.682042091,8.373790184,8.123371421,8.001475085,7.87957875,7.757682412,7.635786077,7.538269007,7.526079374,7.513889741,7.501700108,7.489510474,7.47732084,7.465131206,7.452941573,7.391993405,7.27009707,7.148200732,7.026304397,6.904408061,6.782511725,6.660615388,6.538719052,6.416822717,6.294926381,6.294926381,6.294926381,6.294926381,6.294926381,6.294926381,6.294926381,6.294926381,6.294926381,6.294926381
0.606717667,0.693337622,0.836162701,0.932706134,0.957562015,0.917392245,0.958909565,1.21858391,1.248825275,1.281094987,1.569957232,1.748014693,1.806113041,1.771106456,1.706907945,1.171926432,1.144153973,1.075867542,1.004133194,0.9324352,0.860681479,0.78891632,0.731551045,0.722436284,0.715283449,0.708130615,0.70097778,0.693824946,0.686672111,0.679519277,0.643755104,0.575612717,0.503661127,0.430866355,0.359055296,0.287244236,0.215433177,0.143622118,0.071811059,0,0,0,0,0,0,0,0,0,0
0.055003914,0.063480553,0.075818991,0.07267219,0.052721699,0.048379587,0.041866496,0.032894483,0.032230137,0.032236258,0.032272633,0.029667431,0.026316644,0.019868952,0.015199441,0.008540856,0.006616054,0.006226488,0.005811391,0.005396296,0.004981794,0.004567168,0.004294447,0.003956414,0.003917241,0.003878069,0.003838897,0.003799724,0.003760552,0.003721379,0.003525517,0.003133793,0.002742069,0.002350345,0.001958621,0.001566897,0.001175172,0.000783448,0.000391724,0,0,0,0,0,0,0,0,0,0
0,0,0,0,0,0,0,0,0,0,0,0,0,0,0,0,0,0,0,0,0,0,0,0,0,0,0,0,0,0,0,0,0,0,0,0,0,0,0,0,0,0,0,0,0,0,0,0,0
0,0,0,0,0,0,0,0,0,0,0,0,0,0,0,0,0,0,0,0,0,0,0,0,0,0,0,0,0,0,0,0,0,0,0,0,0,0,0,0,0,0,0,0,0,0,0,0,0
0.02816475,0.042054569,0.080448407,0.147859348,0.177777859,0.213187913,0.737039143,0.675718322,0.360255038,0.334349884,0.080506363,0.045957144,0.024158686,0.017127997,0.01090314,0.006406982,0.003748331,0,0,0,0,0,0,0,0,0,0,0,0,0,0,0,0,0,0,0,0,0,0,0,0,0,0,0,0,0,0,0,0
0,0.010463581,0.011955807,0.013941078,0.015920877,0.017701068,0.021740259,0.028302727,0.029764409,0.029581952,0.023321899,0.019369693,0.017792288,0.016766437,0.015586021,0.014610377,0.013787121,0.012725279,0.011876927,0.011028575,0.010180223,0.009331871,0.00865319,0.008567735,0.008482743,0.008397755,0.008312769,0.008227787,0.008142731,0.008059314,0.007635298,0.006786888,0.005938431,0.0050901,0.004241804,0.003392896,0.002544802,0.001696654,0.000848231,0,0,0,0,0,0,0,0,0,0
0.847828646,0.978000269,1.138747356,1.513968126,1.557568017,1.623038253,3.340070816,14.22976445,15.9528212,16.48720819,21.47854737,21.59625194,20.39050901,25.09789829,30.65055513,36.33979489,41.60824382,39.30694018,36.68647749,34.06601483,31.44555214,28.82508946,26.72871932,26.46652777,26.20451698,25.94202643,25.68012933,25.41812023,25.1558945,24.89423909,23.58415977,20.96355789,18.3429124,15.72252653,13.1021136,10.48163893,7.861324865,5.240917765,2.620450322,0,0,0,0,0,0,0,0,0,0
5.227939583,5.294810872,5.876783339,6.922758886,7.617808035,7.835212174,11.35015509,19.56927896,20.75789237,20.55368471,18.16870317,15.06558543,13.08527679,15.5844645,18.12181816,20.43989823,23.17722388,22.72451383,21.20954891,19.6945885,18.17959203,16.66462807,15.4526671,15.30115943,15.14967569,14.99817299,14.84668521,14.69518088,14.54369227,14.39218112,13.63470067,12.11973121,10.60477315,9.089803912,7.574834452,6.059868246,4.544904355,3.029933522,1.514965826,0,0,0,0,0,0,0,0,0,0
0.620413626,0.825140298,1.036275447,1.212427942,1.239366333,1.196351465,2.087968828,6.378397715,7.127930872,7.324992001,9.104883324,8.916453717,7.908295255,9.545452972,10.97917704,11.82015221,12.63883515,11.93917197,11.14331742,10.34728975,9.551430953,8.755383271,8.118728854,8.039067134,7.959468611,7.879892492,7.800293896,7.7206735,7.641179879,7.561516378,7.163490779,6.367624801,5.571692098,4.77574232,3.979781101,3.183814065,2.387853581,1.591894006,0.795954054,0,0,0,0,0,0,0,0,0,0
0.008315941,0.009458663,0.012640351,0.017463035,0.02425041,0.029952147,0.047095943,0.089930347,0.111454273,0.113175652,0.151241779,0.16399145,0.178282828,0.237198697,0.30962963,0.382372881,0.46433121,0.410212766,0.390625,0.353040541,0.332317881,0.298831169,0.282038217,0.278564274,0.276844741,0.273405676,0.269966611,0.268247078,0.264808013,0.263088481,0.24933222,0.221819699,0.192266667,0.165486667,0.137848333,0.110381667,0.082743333,0.055013311,0.027592346,0,0,0,0,0,0,0,0,0,0
0.00066854,0.015851436,0.057348918,0.102765714,0.1307662,0.139169155,0.184079524,0.425986552,0.469790699,0.490287706,0.690217627,0.776629905,0.798109331,1.03671533,1.285475157,1.519277676,1.866558325,1.804860245,1.684536228,1.564212212,1.443888196,1.323564179,1.227304966,1.215251729,1.203223603,1.191193958,1.179167105,1.167133102,1.155094953,1.143078717,1.082906778,0.96257713,0.842263166,0.721940943,0.601616326,0.481291117,0.360973396,0.240645757,0.120323174,0,0,0,0,0,0,0,0,0,0
0.197583717,0.199702702,0.206128966,0.207761548,0.211642683,0.235219475,0.322407136,0.641641811,0.714519063,0.689640821,0.362759765,0.368689821,0.334410297,0.332158805,0.296708961,0.231439022,0.173581559,0.156868971,0.146404867,0.135955461,0.125492811,0.115056296,0.106671216,0.105732529,0.104685672,0.103638815,0.102591958,0.101545102,0.100498245,0.099451388,0.094217105,0.083748538,0.07327997,0.062811403,0.052342836,0.041874269,0.031405702,0.020937134,0.010468567,0,0,0,0,0,0,0,0,0,0
1.822518574,1.876986234,1.982655816,2.217275308,2.461088983,2.642789371,3.330993968,4.284430762,4.286052416,4.372004424,5.136697004,5.689270923,6.106245746,5.892502541,5.108202711,3.590444958,2.533581511,1.760361154,1.240089011,0.84064392,0.601600937,0.454016,0.370901876,0.365928424,0.360924254,0.351757894,0.342627986,0.333530271,0.324370695,0.315248264,0.301899794,0.26546379,0.245125865,0.237562039,0.241451216,0.253703842,0.265162608,0.275659436,0.284875937,0.292724677,0.299066317,0.303665779,0.306519398,0.307454907,0.306517052,0.306455269,0.306490336,0.306471112,0.30653898
0.431886595,0.390135509,0.520562353,0.605928728,0.591422715,0.479144933,0.483934309,0.41753687,0.392575707,0.291433883,-0.030281158,-0.054639916,-0.000948884,-0.019259495,-0.020168341,1.519297994,0.435801014,0.668800744,0.85179921,0.943695088,0,0,0,0,0,0,0,0,0,0,0,0,0,0,0,0,0,0,0,0,0,0,0,0,0,0,0,0,0
129.1368918,130.9814839,135.6214318,138.7779225,144.0454398,147.8946152,157.2681148,162.6736968,162.4739746,162.9459737,167.1933953,159.5179878,147.5619237,139.1571798,134.9582806,128.1985784,124.5434114,123.0166106,118.2081607,113.3998708,108.5914601,103.7830921,99.93636775,99.45560387,98.97476597,98.49393537,98.01311217,97.53222261,97.0513407,96.57053882,94.16636721,89.35800604,84.54962484,79.74126954,74.93289095,70.1245196,65.3161395,60.5077798,55.69939027,50.89103908,50.89104647,50.89108076,50.89107358,50.8910591,50.89107143,50.89105678,50.89103524,50.89105854,50.89102829
2.086619043,2.134202957,2.206935439,2.244514807,2.315127552,2.36551423,2.42886807,2.690009369,2.720967472,2.74438648,2.955840699,3.032861554,2.958434293,2.85031694,2.672006537,2.377616789,2.161366939,1.981531834,1.957823239,1.934070376,1.910291659,1.88653793,1.867532691,1.865193672,1.862803404,1.860418359,1.858086365,1.855658684,1.853284026,1.850909368,1.839036077,1.815289496,1.791542914,1.767796333,1.744049751,1.72030317,1.696556588,1.672810007,1.649063425,1.625316844,1.625316844,1.625316844,1.625316844,1.625316844,1.625316844,1.625316844,1.625316844,1.625316844,1.625316844
16.17727685,17.6896324,18.37740892,19.83370023,21.59310079,23.24012866,22.96718516,18.58219743,17.89253909,17.74938053,16.29082873,12.3381562,8.300563335,6.330065138,5.026082994,4.075312675,3.694595806,3.434106911,3.22025115,3.006395391,2.792539632,2.578683871,2.407599262,2.386213687,2.364828111,2.343442534,2.322056959,2.300671384,2.279285806,2.257900231,2.150972351,1.937116591,1.723260831,1.509405071,1.295549311,1.081693551,0.86783779,0.65398203,0.44012627,0.22627051,0.22627051,0.22627051,0.22627051,0.22627051,0.22627051,0.22627051,0.22627051,0.22627051,0.22627051
329.9205083,331.6027803,369.0654239,363.0778922,367.3044636,373.2321349,381.868243,372.226404,369.5789889,369.3117842,366.5437641,333.1752159,273.4757467,217.9553746,168.104641,121.9107011,98.53543533,88.5252805,86.00722333,83.48916616,80.97110901,78.45305183,76.4386061,76.18680039,75.93499466,75.68318895,75.43138324,75.1795775,74.92777179,74.67596608,73.41693751,70.89888033,68.38082316,65.86276601,63.34470884,60.82665166,58.30859451,55.79053734,53.27248016,50.75442301,50.75442301,50.75442301,50.75442301,50.75442301,50.75442301,50.75442301,50.75442301,50.75442301,50.75442301
65.45603057,66.32370542,74.5161201,73.77876588,75.21382122,76.59438987,80.3949726,82.46440709,82.25459531,82.08932061,80.60496356,74.45552987,62.16629739,49.51522638,39.97151302,33.41068314,29.65979174,27.41165506,26.19395185,24.97624867,23.75854548,22.54084228,21.56667973,21.44490941,21.32313909,21.20136877,21.07959845,20.95782813,20.83605781,20.71428749,20.1054359,18.8877327,17.67002951,16.45232632,15.23462313,14.01691993,12.79921674,11.58151355,10.36381036,9.146107166,9.146107166,9.146107166,9.146107166,9.146107166,9.146107166,9.146107166,9.146107166,9.146107166,9.146107166
8.642672356,9.007517435,9.465789939,9.991634292,10.79229013,11.41853113,12.81534861,14.14917346,14.21971359,14.16162653,13.63888859,11.7136541,9.433414336,7.648272646,6.03288673,4.891079488,4.289956476,4.013649931,3.800618378,3.587586823,3.37455527,3.161523715,2.991098472,2.969795318,2.948492162,2.927189007,2.905885851,2.884582697,2.863279541,2.841976385,2.735460608,2.522429055,2.3093975,2.096365947,1.883334392,1.670302839,1.457271285,1.244239732,1.031208178,0.818176624,0.818176624,0.818176624,0.818176624,0.818176624,0.818176624,0.818176624,0.818176624,0.818176624,0.818176624
2.911163072,2.989737037,3.206657177,3.322445191,3.482333594,3.642888857,4.081642087,3.977162804,3.916864687,3.862506149,3.378076483,2.847734102,2.233490968,1.759792589,1.333422433,0.969843078,0.766596651,0.672057055,0.647714135,0.623371214,0.599028294,0.574685373,0.555211036,0.552776745,0.550342452,0.54790816,0.545473868,0.543039576,0.540605284,0.538170992,0.525999532,0.501656611,0.477313691,0.45297077,0.428627849,0.404284929,0.379942008,0.355599088,0.331256167,0.306913246,0.306913246,0.306913246,0.306913246,0.306913246,0.306913246,0.306913246,0.306913246,0.306913246,0.306913246
9.160662707,9.000597767,10.9078847,11.07950492,10.41795056,10.53862904,10.71775184,9.521720137,9.333046129,9.218117755,8.18862504,6.876431751,5.351325459,4.104331813,3.074745922,2.267037217,1.863419256,1.726278491,1.695905373,1.665532255,1.635159139,1.604786021,1.580487528,1.577450216,1.574412904,1.571375592,1.568338281,1.565300969,1.562263657,1.559226345,1.544039786,1.51366667,1.483293552,1.452920434,1.422547318,1.3921742,1.361801082,1.331427966,1.301054848,1.270681731,1.270681731,1.270681731,1.270681731,1.270681731,1.270681731,1.270681731,1.270681731,1.270681731,1.270681731
19.33920483,19.4657786,20.37590917,20.66257137,20.8808775,21.22400808,22.44926545,23.87605556,23.99184306,24.25052669,26.59909108,28.0599406,28.40010816,27.97480047,27.03111205,25.85863338,24.70070105,23.96224055,23.60267195,23.24310335,22.88353474,22.52396614,22.23631125,22.20035439,22.16439753,22.12844067,22.09248381,22.05652695,22.02057009,21.98461323,21.80482893,21.44526032,21.08569172,20.72612311,20.36655451,20.00698591,19.6474173,19.28784869,18.92828009,18.56871149,18.56871149,18.56871149,18.56871149,18.56871149,18.56871149,18.56871149,18.56871149,18.56871149,18.56871149
1.722823479,1.888578839,2.191134624,2.357204719,2.339130572,2.169776568,1.945306947,1.795568282,1.763731043,1.777654908,1.902266328,1.857624243,1.708034651,1.299788344,0.997602474,0.55894089,0.442409246,0.416011225,0.38827722,0.360543251,0.332802118,0.305062688,0.282813869,0.28213488,0.279341465,0.276548051,0.273754636,0.270961221,0.268167807,0.265374392,0.251407319,0.223473172,0.195539026,0.167277526,0.139397938,0.111518351,0.083638763,0.055759175,0.027879588,0,0,0,0,0,0,0,0,0,0
0.973118813,1.06652337,1.2218362,1.130580517,0.794639753,0.70863596,0.639520329,0.545948053,0.542509041,0.554722507,0.653756226,0.708178135,0.734800673,0.634298786,0.551972505,0.352766822,0.323504855,0.304211639,0.283939279,0.263638293,0.243396222,0.223082521,0.20670607,0.204744414,0.202717241,0.200690069,0.198662897,0.196635724,0.194608552,0.192581379,0.182445517,0.162173793,0.141902069,0.121630345,0.101358621,0.081086897,0.060815172,0.040543448,0.020271724,0,0,0,0,0,0,0,0,0,0
0,0,0,0,0,0,0,0,0,0,0,0,0,0,0,0,0,0,0,0,0,0,0,0,0,0,0,0,0,0,0,0,0,0,0,0,0,0,0,0,0,0,0,0,0,0,0,0,0
3.664430288,4.039734511,4.882359659,6.076239721,7.620696443,9.426472379,7.856622755,3.728349603,2.085566305,1.920709383,0.436895849,0.211077068,0.083730897,0.044494545,0.022522603,0.011041287,0,0,0,0,0,0,0,0,0,0,0,0,0,0,0,0,0,0,0,0,0,0,0,0,0,0,0,0,0,0,0,0,0
0.30572325,0.397592939,0.714479066,1.267031881,1.488596323,1.755951025,4.335743308,3.71867315,1.978436793,1.88474347,0.53665564,0.310822379,0.13386755,0.073390988,0.037715706,0.018637998,0.009068824,0,0,0,0,0,0,0,0,0,0,0,0,0,0,0,0,0,0,0,0,0,0,0,0,0,0,0,0,0,0,0,0
0,0.037905804,0.043516872,0.050662844,0.05781198,0.064367519,0.079313604,0.115236487,0.122081149,0.123387042,0.10704495,0.09644844,0.096432718,0.085608368,0.075281263,0.066617956,0.060746362,0.056066798,0.052329012,0.048591225,0.044853439,0.041115652,0.038125423,0.037751256,0.037378486,0.037003992,0.036631199,0.036256715,0.035883556,0.035508747,0.033639934,0.029902229,0.026164257,0.02242677,0.018689374,0.014951559,0.011213307,0.007475783,0.003737742,0,0,0,0,0,0,0,0,0,0
1.76121041,2.080856856,2.451840689,3.283285648,3.394218154,3.549259536,9.172090004,47.80569292,54.22231159,56.30867512,76.33407209,76.41454563,69.26425823,76.07956192,80.27576781,82.34354509,85.14043272,80.43033263,75.06831044,69.7062883,64.34426611,58.98224392,54.69262619,54.15645027,53.62028989,53.08376605,52.54783315,52.0116716,51.47506735,50.93903798,48.25813181,42.8963883,37.53399892,32.17212077,26.81018097,21.44810036,16.08613898,10.72408081,5.362043864,0,0,0,0,0,0,0,0,0,0
11.96549403,11.9520607,13.12704325,15.33683,16.76586113,17.15150946,24.30355702,39.89879778,42.16468483,43.07120227,46.78212497,43.4299905,39.54252438,44.62594756,49.51148123,53.99183082,59.01496155,57.86221353,54.0047246,50.14724915,46.28976149,42.43230298,39.34630217,38.96056155,38.57479493,38.18905691,37.80330631,37.41756136,37.03181578,36.64607274,34.71732881,30.85985362,27.00236525,23.14488574,19.28740396,15.4299287,11.57243805,7.714961177,3.857480141,0,0,0,0,0,0,0,0,0,0
1.430482373,1.924100452,2.428168191,2.849021644,2.91825161,2.820820354,4.797141971,14.2261952,15.85866288,16.94240698,27.23505487,30.96046326,29.75451547,34.37600681,38.1631746,40.24829073,41.53390331,39.23480202,36.61914337,34.00348494,31.38782678,28.77209169,26.67964526,26.41807918,26.15645745,25.89491024,25.63329005,25.37174854,25.11028332,24.84874562,23.54080793,20.92525736,18.30952758,15.69390039,13.0782579,10.46260538,7.846924158,5.231290096,2.615639571,0,0,0,0,0,0,0,0,0,0
0.008714044,0.009229362,0.011868421,0.01522179,0.020072617,0.023166871,0.059023503,0.149914161,0.225742129,0.232139829,0.367601547,0.43956471,0.487306397,0.603778502,0.703703704,0.812542373,0.911464968,0.820425532,0.765625,0.706081081,0.651854305,0.597662338,0.553630573,0.549015025,0.545626043,0.53884808,0.532070117,0.528681135,0.521903172,0.51851419,0.491402337,0.437178631,0.378933333,0.326153333,0.271681667,0.217548333,0.163076667,0.108424293,0.054381032,0,0,0,0,0,0,0,0,0,0
0.004260328,0.101000266,0.365438314,0.654766972,0.833256853,0.88685452,1.353059461,3.339706703,3.696148793,3.84418352,5.274868275,5.754236245,5.706011932,6.549866954,7.171925485,7.559961788,8.132340194,7.86343031,7.339201621,6.814972936,6.290744248,5.766515559,5.34713261,5.294708426,5.242294076,5.189873291,5.137464859,5.085025459,5.032592987,4.980173248,4.718065621,4.193832236,3.669618275,3.145379746,2.621152324,2.096923018,1.572690587,1.04846021,0.524230482,0,0,0,0,0,0,0,0,0,0
1.167886402,1.248796344,1.359306534,1.441351489,1.541445934,1.794303674,2.051389379,1.526519069,1.339316898,1.279703001,0.629762135,0.613155075,0.541941199,0.497342418,0.413389814,0.302498266,0.204470968,0.184792904,0.172472666,0.160152109,0.147836307,0.135516183,0.125615211,0.124503022,0.123270319,0.122037616,0.120804913,0.11957221,0.118339506,0.117106803,0.110943287,0.098616255,0.086289223,0.073962192,0.06163516,0.049308128,0.036981096,0.024654064,0.012327032,0,0,0,0,0,0,0,0,0,0
0.848900745,0.861748845,0.865800277,0.903905577,0.900105427,0.904032159,0.932094761,0.895598056,0.870866775,0.866471752,0.829097261,0.774549382,0.718614787,0.64343692,0.547700462,0.446656376,0.287009825,0.199367944,0.140457822,0.095194178,0.068150622,0.051419645,0.042004984,0.041463667,0.040896365,0.039843759,0.038819451,0.0377896,0.036723768,0.035703453,0.034188018,0.030075954,0.027778176,0.026897876,0.027362292,0.02874477,0.030049847,0.031242239,0.032278254,0.033178367,0.033879809,0.03439711,0.034741676,0.034848955,0.034721937,0.03468362,0.034709376,0.034679317,0.034680345
0.068499449,0.064394623,0.064654738,0.070945361,0.066367372,0.06068667,0.088672993,0.218452441,0.249852941,0.211547264,0.344959675,0.268273028,0.111968344,0.113310029,0.036909383,-0.727323508,-0.312882779,-0.480575385,-0.61024421,-0.676080063,0,0,0,0,0,0,0,0,0,0,0,0,0,0,0,0,0,0,0,0,0,0,0,0,0,0,0,0,0
30.71377094,30.62082947,31.2031944,31.43319813,32.12840279,32.49193234,35.7929102,39.16194264,39.34496807,39.14175121,37.25948152,34.56872639,32.91454544,20.84200932,14.87830708,13.62342561,15.10930817,14.92401652,14.34067253,13.75736011,13.1740555,12.59065905,12.1240431,12.0657091,12.00735307,11.94905462,11.8906898,11.83231984,11.77404118,11.71568713,11.42405721,10.84069083,10.25737555,9.674017228,9.090691327,8.507332178,7.923996028,7.340661867,6.757311443,6.173985134,6.173958375,6.173976426,6.173979887,6.173961876,6.173961006,6.17395136,6.173982294,6.17397175,6.173974658
0.387962285,0.389116573,0.395287108,0.394965534,0.400204081,0.401569473,0.382814435,0.373203084,0.372270145,0.372435072,0.373038228,0.36157236,0.339825828,0.323548502,0.299419453,0.262551459,0.240052451,0.220078847,0.21744311,0.214810231,0.212174659,0.209542059,0.207462322,0.207202259,0.206911878,0.206630416,0.206354891,0.206085278,0.205821554,0.20555783,0.204239209,0.201601967,0.198964725,0.196327483,0.193690241,0.191052999,0.188415757,0.185778516,0.183141274,0.180504032,0.180504032,0.180504032,0.180504032,0.180504032,0.180504032,0.180504032,0.180504032,0.180504032,0.180504032
8.002419713,7.117586615,7.07505739,7.326833197,7.673654104,7.963245626,7.018991824,4.479358358,4.190337263,4.178587469,4.064522992,3.266525987,2.315297757,1.817790138,1.517283923,1.332910415,1.134317872,1.054316632,0.98866006,0.92300349,0.857346919,0.791690347,0.73916509,0.732599433,0.726033776,0.719468119,0.712902462,0.706336805,0.699771148,0.693205491,0.660377205,0.594720634,0.529064063,0.463407492,0.397750921,0.33209435,0.266437778,0.200781207,0.135124636,0.069468065,0.069468065,0.069468065,0.069468065,0.069468065,0.069468065,0.069468065,0.069468065,0.069468065,0.069468065
67.12335298,66.87958788,73.70102232,71.79310831,71.91821102,72.36660018,74.16654181,72.50947541,72.01762443,71.62641372,68.14681285,64.68418121,62.11927186,58.841146,55.77541792,52.99300159,48.26252092,43.35953008,42.12619001,40.89284994,39.65950988,38.42616981,37.43949776,37.31616375,37.19282974,37.06949573,36.94616173,36.82282772,36.69949371,36.57615971,35.95948968,34.72614961,33.49280953,32.25946947,31.0261294,29.79278933,28.55944927,27.3261092,26.09276913,24.85942907,24.85942907,24.85942907,24.85942907,24.85942907,24.85942907,24.85942907,24.85942907,24.85942907,24.85942907
16.5618839,16.78771304,18.8545683,18.66001752,19.01362907,19.35191247,20.5736732,21.59017673,21.59045208,21.46349305,20.36843292,20.02297203,20.04652538,17.54967016,15.59304834,14.24401694,13.24665681,12.24253603,11.69868797,11.15483993,10.61099188,10.06714382,9.63206538,9.577680574,9.523295769,9.468910965,9.414526159,9.360141354,9.305756549,9.251371743,8.979447718,8.435599665,7.891751613,7.347903561,6.804055508,6.260207456,5.716359404,5.172511351,4.628663299,4.084815247,4.084815247,4.084815247,4.084815247,4.084815247,4.084815247,4.084815247,4.084815247,4.084815247,4.084815247
3.851688014,3.863251521,3.924156061,4.009876375,4.198806961,4.312128072,4.220226007,3.585489556,3.494399083,3.452809502,3.082329602,2.548664127,2.100646928,1.825202221,1.580999636,1.452237164,1.336924025,1.250810416,1.184421446,1.118032476,1.051643505,0.985254535,0.932143358,0.925504462,0.918865565,0.912226667,0.90558777,0.898948874,0.892309976,0.885671079,0.852476594,0.786087624,0.719698653,0.653309683,0.586920712,0.520531742,0.454142771,0.387753801,0.321364831,0.25497586,0.25497586,0.25497586,0.25497586,0.25497586,0.25497586,0.25497586,0.25497586,0.25497586,0.25497586
0.541280649,0.619584295,0.646612372,0.652116385,0.665614043,0.678394572,0.710616995,0.604040592,0.585365224,0.580032527,0.532045953,0.484789128,0.427125045,0.3740385,0.318742562,0.264394426,0.217029779,0.190270877,0.183378979,0.176487081,0.169595182,0.162703284,0.157189765,0.156500576,0.155811386,0.155122196,0.154433006,0.153743816,0.153054626,0.152365437,0.148919487,0.142027589,0.135135691,0.128243793,0.121351894,0.114459996,0.107568098,0.1006762,0.093784301,0.086892403,0.086892403,0.086892403,0.086892403,0.086892403,0.086892403,0.086892403,0.086892403,0.086892403,0.086892403
3.329725846,3.64571591,4.40072634,4.452254798,4.169893513,4.201585708,4.627226101,4.88777606,4.897189376,4.890343068,4.827465006,4.643240143,4.267009054,3.964665481,3.628109183,3.278686914,2.90802873,2.69396573,2.646566577,2.599167424,2.551768273,2.50436912,2.466449799,2.461709883,2.456969968,2.452230052,2.447490138,2.442750222,2.438010307,2.433270391,2.409570815,2.362171664,2.314772511,2.267373358,2.219974207,2.172575054,2.125175901,2.07777675,2.030377597,1.982978445,1.982978445,1.982978445,1.982978445,1.982978445,1.982978445,1.982978445,1.982978445,1.982978445,1.982978445
4.609780647,4.579632033,4.711304179,4.696033698,4.665264464,4.662159099,4.902172434,5.149628941,5.167585283,5.174291716,5.223706228,5.109616941,4.861005706,4.74910451,4.54585193,4.301644931,4.152545687,4.028447895,3.967998482,3.907549069,3.847099655,3.786650241,3.73829071,3.732245769,3.726200828,3.720155887,3.714110945,3.708066004,3.702021062,3.695976121,3.665751414,3.605302001,3.544852587,3.484403174,3.42395376,3.363504347,3.303054933,3.242605519,3.182156106,3.121706693,3.121706693,3.121706693,3.121706693,3.121706693,3.121706693,3.121706693,3.121706693,3.121706693,3.121706693
1.517166285,1.526231092,1.621961465,1.594450768,1.441559639,1.214167588,1.085966565,0.876102329,0.840936132,0.840746506,0.839029656,0.795606071,0.748896347,0.640692734,0.548350105,0.340255267,0.298493378,0.280680901,0.261980964,0.243245748,0.224545276,0.205871155,0.190877472,0.18808992,0.186227644,0.184365367,0.182503091,0.180640814,0.178778538,0.176916261,0.167604879,0.148982115,0.13035935,0.111518351,0.092931959,0.074345567,0.055759175,0.037172784,0.018586392,0,0,0,0,0,0,0,0,0,0
0.109652199,0.110308416,0.116154139,0.099132321,0.064418796,0.053158726,0.045707459,0.035403771,0.0346,0.033877616,0.027992443,0.021685838,0.016522855,0.010930616,0.007394323,0.003681404,0.002474707,0.002340614,0.002192479,0.002015484,0.001868173,0.001732374,0.001717779,0.001978207,0.001958621,0.001939034,0.001919448,0.001899862,0.001880276,0.00186069,0.001762759,0.001566897,0.001371034,0.001175172,0.00097931,0.000783448,0.000587586,0.000391724,0.000195862,0,0,0,0,0,0,0,0,0,0
0.0532,0.0529,0.0527,0.0524,0.0522,0.017742923,0.023072308,0.019065753,0.017271695,0.017216196,0.014091799,0.018064928,0.022692527,0.026277508,0.02987251,0.029460593,0.026116699,0.021850969,0.021874176,0.021885071,0.021882735,0.021852629,0.02181787,0.022119377,0.022119928,0.021955981,0.021791407,0.021626156,0.021460265,0.02129369,0.020450894,0.018714174,0.016906196,0.015023074,0.013060344,0.011013116,0.008875966,0.006642939,0.004307546,0.002294788,0.002292585,0.002290097,0.002287779,0.002285576,0.002283385,0.002283385,0.002283385,0.002283385,0.002283385
0.171647181,0.138555867,0.121989363,0.10818635,0.092100292,0.069941966,0.00732343,0.007746072,0.006312105,0.005808642,0.001305872,0.00065941,0.000263581,0.000125455,7.97E-05,3.83E-05,0,0,0,0,0,0,0,0,0,0,0,0,0,0,0,0,0,0,0,0,0,0,0,0,0,0,0,0,0,0,0,0,0
0.0412425,0.050826125,0.08885162,0.154872439,0.179837725,0.210410974,0.656573645,0.563643819,0.299882985,0.281844418,0.07387628,0.039774895,0.015878168,0.00818298,0.003953003,0.001822894,0.0007895,0,0,0,0,0,0,0,0,0,0,0,0,0,0,0,0,0,0,0,0,0,0,0,0,0,0,0,0,0,0,0,0
0,0.017472207,0.020058558,0.023308426,0.026610072,0.029635879,0.036641351,0.043589236,0.045533752,0.044569294,0.03187865,0.026480687,0.02154245,0.023376455,0.025366361,0.027387084,0.029905108,0.0276012,0.02576112,0.02392104,0.02208096,0.02024088,0.018768816,0.018586037,0.018401663,0.018217297,0.018032938,0.017848586,0.017665725,0.017481204,0.016561222,0.014720526,0.01288105,0.011040586,0.009200314,0.007360324,0.00552035,0.003680375,0.001840122,0,0,0,0,0,0,0,0,0,0
0.243892497,0.331519279,0.426165325,0.543200161,0.622674417,0.667378124,1.562740343,7.5258867,8.499625185,8.789604975,11.50858723,11.16590019,9.840701637,9.791794233,9.584863301,9.537975156,9.439619387,8.918282414,8.323730252,7.729178094,7.134625931,6.540073769,6.064432042,6.004934573,5.945352188,5.885797617,5.826245091,5.766669865,5.707620685,5.647996627,5.350865519,4.756253206,4.161641032,3.56709778,2.972625914,2.378176983,1.783541982,1.188987879,0.59454097,0,0,0,0,0,0,0,0,0,0
4.046755926,4.094417067,4.450701848,5.36187061,5.690526425,5.949338974,8.605151352,12.74127304,13.35047424,13.1478568,11.15241221,8.598685915,6.784554908,6.661029634,6.461821405,6.363567345,6.408271136,6.283102023,5.864223049,5.445346164,5.026468584,4.607591763,4.272506529,4.230602054,4.188717412,4.146827547,4.10494183,4.063062634,4.021167237,3.979283381,3.769857732,3.350983561,2.932110733,2.513242918,2.09436095,1.675493525,1.25661501,0.837743889,0.418873579,0,0,0,0,0,0,0,0,0,0
0.180551675,0.229651123,0.290343243,0.344642895,0.357291642,0.34930626,0.598523134,1.810505051,2.021619879,2.107003442,2.901241343,2.987869015,2.659854519,2.776393488,2.868573361,2.969483245,3.036988004,2.868891538,2.677606125,2.48632182,2.295038811,2.103751687,1.95079163,1.931610699,1.912601977,1.893443768,1.8742809,1.855113536,1.836089732,1.816912322,1.721250557,1.529983854,1.338817683,1.14755526,0.956309983,0.765010614,0.573741301,0.382520308,0.191260543,0,0,0,0,0,0,0,0,0,0
0.042906715,0.052051307,0.074008772,0.102210117,0.146702975,0.184123313,0.272746941,0.470841175,0.52988006,0.529650074,0.54194971,0.43956471,0.344680135,0.291107492,0.239259259,0.191186441,0.15477707,0.136737589,0.125,0.112972973,0.102251656,0.091948052,0.094012739,0.089248748,0.08869783,0.087595993,0.086494157,0.085943239,0.084841402,0.084290484,0.079883139,0.071068447,0.0616,0.05302,0.044165,0.035365,0.02651,0.017625624,0.008840266,0,0,0,0,0,0,0,0,0,0
0.000571408,0.013545475,0.049022544,0.087828576,0.111763491,0.118949346,0.149958611,0.338482713,0.37275543,0.380791413,0.450927525,0.441420103,0.408241535,0.453020362,0.483117197,0.501982982,0.538893716,0.521068114,0.48633024,0.451592366,0.416854492,0.382116617,0.354326318,0.350850556,0.347396346,0.343915743,0.340436097,0.336954535,0.333496734,0.330013255,0.312634078,0.277905666,0.243173899,0.208427566,0.173686777,0.13894981,0.10421453,0.069478887,0.034738677,0,0,0,0,0,0,0,0,0,0
0.462488728,0.474387411,0.496323272,0.506930812,0.52307544,0.588395326,0.647387354,0.930708816,0.985958289,0.926147622,0.402017967,0.359092296,0.302030992,0.263669287,0.209234602,0.14675229,0.098851942,0.089336885,0.083382715,0.077411803,0.071456582,0.065496092,0.060773351,0.060113101,0.059517921,0.058922742,0.058327563,0.057732384,0.057137204,0.056542025,0.053566129,0.047614337,0.041662545,0.035710753,0.029758961,0.023807168,0.017855376,0.011903584,0.005951792,0,0,0,0,0,0,0,0,0,0
3.289438852,3.270869306,3.308689693,3.368867367,3.369032921,3.392603087,3.492421744,3.345245232,3.251714772,3.240043983,3.142285557,2.927367353,2.645827935,2.521059591,2.270375022,1.946007644,1.199500436,0.833408569,0.587077259,0.397990992,0.284819412,0.214954731,0.175589362,0.17325339,0.1708794,0.166552773,0.162214941,0.157919776,0.153580332,0.149249248,0.1429364,0.125689316,0.116073091,0.112497676,0.114305275,0.120134393,0.12554286,0.130489674,0.134876991,0.138594099,0.141602203,0.143739452,0.145122389,0.14558151,0.145135913,0.145131458,0.145058995,0.145065344,0.145089239
0.15290923,0.143746153,0.144326801,0.158369165,0.14814986,0.135469003,0.145325183,0.169657544,0.173381731,0.157166967,0.384243339,0.402185608,0.317243643,0.230150965,0.056945905,-0.797362068,-0.348640811,-0.534640115,-0.678049122,-0.74650507,0,0,0,0,0,0,0,0,0,0,0,0,0,0,0,0,0,0,0,0,0,0,0,0,0,0,0,0,0
62.71992235,62.3848198,63.21992081,63.34187028,64.40047636,64.79219192,67.66992874,67.83296592,67.51597031,67.55961575,67.92664713,63.35141031,57.17234402,51.80837348,49.64215313,48.1108331,45.75215971,45.19127409,43.42485266,41.6584248,39.89202948,38.1256484,36.71260067,36.53593786,36.35931031,36.18267626,36.00602144,35.82934782,35.6526825,35.47605199,34.59286805,32.82648863,31.06009703,29.29366242,27.52726404,25.76090534,23.99449255,22.22809525,20.46170662,18.6952964,18.69530809,18.69527575,18.6952942,18.69529695,18.69530863,18.6952983,18.69527915,18.6953099,18.6952964
1.813578187,1.808427106,1.83473202,1.830672867,1.852636912,1.857237034,1.774417378,1.733864046,1.729997297,1.742998947,1.859842599,1.929187357,1.939609782,1.87464313,1.76759452,1.586643075,1.471710194,1.349250515,1.33305712,1.316880111,1.300757334,1.284580742,1.271617621,1.270019182,1.268388452,1.266811989,1.265197159,1.263544117,1.261927179,1.260310241,1.25222555,1.236056168,1.219886787,1.203717405,1.187548024,1.171378642,1.15520926,1.139039879,1.122870497,1.106701116,1.106701116,1.106701116,1.106701116,1.106701116,1.106701116,1.106701116,1.106701116,1.106701116,1.106701116
14.74763828,14.52448676,13.73961726,13.52275112,13.44077024,13.21605694,10.87715058,5.850746958,5.331697447,5.288509787,4.848361031,3.800745708,2.891237819,2.695819591,2.685390308,2.730899911,2.45909595,2.285701401,2.143361507,2.001021615,1.858681722,1.716341829,1.602469914,1.588235925,1.574001936,1.559767946,1.545533957,1.531299968,1.517065978,1.502831989,1.431662043,1.28932215,1.146982257,1.004642364,0.862302471,0.719962578,0.577622685,0.435282792,0.292942899,0.150603006,0.150603006,0.150603006,0.150603006,0.150603006,0.150603006,0.150603006,0.150603006,0.150603006,0.150603006
157.5017441,149.7007318,157.0611912,145.2648213,137.7462241,130.7557526,118.294085,86.2291529,82.39693412,80.57944126,64.72192055,55.74954997,55.92825789,51.33256373,47.01448827,42.93063726,40.05756626,35.98819626,34.96453008,33.9408639,32.91719773,31.89353155,31.07459861,30.97223199,30.86986537,30.76749875,30.66513214,30.56276551,30.4603989,30.35803228,29.84619919,28.82253301,27.79886683,26.77520066,25.75153448,24.7278683,23.70420213,22.68053595,21.65686977,20.6332036,20.6332036,20.6332036,20.6332036,20.6332036,20.6332036,20.6332036,20.6332036,20.6332036,20.6332036
35.01865038,34.1339657,36.83216321,35.00190381,34.22523947,33.4051958,33.21842632,30.44369968,29.95469899,29.52595673,25.87458165,23.77325912,22.83510269,21.02431954,19.38913401,18.0769797,16.10702075,14.88614877,14.22486396,13.56357917,12.90229437,12.24100956,11.71198172,11.64585324,11.57972476,11.51359628,11.4474678,11.38133932,11.31521084,11.24908236,10.91843996,10.25715516,9.595870354,8.934585553,8.27330075,7.612015949,6.950731147,6.289446344,5.628161543,4.966876742,4.966876742,4.966876742,4.966876742,4.966876742,4.966876742,4.966876742,4.966876742,4.966876742,4.966876742
12.84533952,12.41872887,12.09585468,11.83671563,11.85331306,11.62468256,10.60032533,7.498835038,7.109604064,6.962334755,5.653446596,4.437503572,3.799866768,3.527291365,3.245494414,3.123864636,2.915835114,2.728123892,2.583323902,2.438523911,2.293723921,2.14892393,2.033083938,2.01860394,2.00412394,1.989643941,1.975163942,1.960683943,1.946203944,1.931723945,1.859323949,1.714523959,1.569723968,1.424923978,1.280123987,1.135323997,0.990524007,0.845724016,0.700924026,0.556124035,0.556124035,0.556124035,0.556124035,0.556124035,0.556124035,0.556124035,0.556124035,0.556124035,0.556124035
1.192155102,1.125791299,1.159790395,1.154372587,1.16241748,1.168334303,1.186306488,0.948394731,0.911667544,0.899520301,0.791183372,0.718071115,0.663642464,0.596139498,0.51239552,0.418708456,0.338584597,0.296869244,0.286116192,0.27536314,0.264610088,0.253857036,0.245254594,0.244179289,0.243103984,0.242028679,0.240953374,0.239878068,0.238802763,0.237727458,0.232350932,0.22159788,0.210844828,0.200091776,0.189338724,0.178585672,0.16783262,0.157079568,0.146326516,0.135573465,0.135573465,0.135573465,0.135573465,0.135573465,0.135573465,0.135573465,0.135573465,0.135573465,0.135573465
2.6044211,2.483036572,2.971597291,2.980432667,2.767106348,2.763739684,3.00879356,3.108172196,3.10610095,3.092290085,2.967867633,2.99431564,3.106422681,2.811813312,2.451550613,2.047468802,1.84646259,1.710540083,1.680443876,1.650347669,1.620251462,1.590155255,1.56607829,1.563068669,1.560059048,1.557049427,1.554039807,1.551030186,1.548020565,1.545010944,1.529962841,1.499866635,1.469770428,1.43967422,1.409578014,1.379481807,1.3493856,1.319289394,1.289193187,1.259096979,1.259096979,1.259096979,1.259096979,1.259096979,1.259096979,1.259096979,1.259096979,1.259096979,1.259096979
10.14241481,10.08833059,10.45056491,10.48944854,10.49370335,10.56036694,11.32095939,12.32131581,12.41180792,12.48616808,13.14735727,13.46302307,13.40155259,13.06969498,12.53982342,11.94843421,11.68689462,11.33755463,11.16742744,10.99730025,10.82717305,10.65704586,10.52094411,10.50393139,10.48691867,10.46990595,10.45289323,10.43588051,10.41886779,10.40185507,10.31679148,10.14666429,9.976537092,9.806409901,9.63628271,9.466155518,9.296028325,9.125901133,8.955773942,8.78564675,8.78564675,8.78564675,8.78564675,8.78564675,8.78564675,8.78564675,8.78564675,8.78564675,8.78564675
5.454670498,5.81257663,6.562178175,6.875474372,6.650767949,6.018420973,5.772837287,6.113722116,6.127404184,6.062411557,5.480432466,4.710517252,4.09422907,2.790165737,2.005595914,1.148089247,0.940213385,0.884087904,0.825155442,0.766226155,0.707289341,0.648283857,0.60108892,0.594193156,0.588310056,0.582426955,0.576543855,0.570660754,0.564777654,0.558894553,0.52947905,0.470648045,0.411817039,0.352296608,0.293580506,0.236554077,0.177415558,0.118277039,0.059138519,0,0,0,0,0,0,0,0,0,0
1.658533964,1.787972966,2.017727687,1.841277269,1.277950246,1.126406195,1.035830885,0.933254362,0.93524274,0.923286954,0.825734261,0.698464687,0.583496626,0.427101695,0.330097177,0.195968478,0.16530035,0.155434945,0.145073451,0.134712341,0.124366929,0.114021705,0.105643407,0.104844966,0.103806897,0.102768828,0.101730759,0.10069269,0.099654621,0.098616552,0.093426207,0.083045517,0.072664828,0.062284138,0.051903448,0.041522759,0.031142069,0.020761379,0.01038069,0,0,0,0,0,0,0,0,0,0
0.4092,0.4122,0.3531,0.3415,0.354,0.131242935,0.170593991,0.140858024,0.127575017,0.127186377,0.104364075,0.134004022,0.168346886,0.194207204,0.2208684,0.217720964,0.19272323,0.16099629,0.161258463,0.161153703,0.161266241,0.16137326,0.161452239,0.161155459,0.161159473,0.159965002,0.158765966,0.157561991,0.156353356,0.155139738,0.148999374,0.136346128,0.123173717,0.109453821,0.095153938,0.080238417,0.064667749,0.048398557,0.03138355,0.01671917,0.016703117,0.016684994,0.016668104,0.01665205,0.016636093,0.016636093,0.016636093,0.016636093,0.016636093
5.173208118,4.526531475,4.414176739,4.478265547,4.603447467,4.673665542,2.897007092,1.120259811,0.508708921,0.468481566,0.106510197,0.051499903,0.020427527,0.010872727,0.005501096,0.002683646,0,0,0,0,0,0,0,0,0,0,0,0,0,0,0,0,0,0,0,0,0,0,0,0,0,0,0,0,0,0,0,0,0
0.98978475,1.099561932,1.807267485,3.02562304,3.414113061,3.908830753,9.304221914,7.794383064,4.143613733,3.734138431,0.708933676,0.270974624,0.086548425,0.037238636,0.015336679,0.006175069,0.002601569,0,0,0,0,0,0,0,0,0,0,0,0,0,0,0,0,0,0,0,0,0,0,0,0,0,0,0,0,0,0,0,0
0,0.562466859,0.645726913,0.751806695,0.857883112,0.955153642,1.178118927,1.061438898,1.081041885,1.027499907,0.586964569,0.331248071,0.204516109,0.188668613,0.176526203,0.170509798,0.173545142,0.160177543,0.14949904,0.138820537,0.128142034,0.117463532,0.108920729,0.107853278,0.106785097,0.105716923,0.104648755,0.103582264,0.102513109,0.101445617,0.096105908,0.085428057,0.074749343,0.064070885,0.053392931,0.04271393,0.032035444,0.021357025,0.010678576,0,0,0,0,0,0,0,0,0,0
7.249103166,7.066401495,7.477972004,9.34291329,9.199000238,9.276649782,19.17039296,81.16613923,90.95801805,92.79068606,107.4885881,94.78882046,78.3784984,78.09680238,72.59569639,64.51005115,59.74548329,56.43957312,52.67693491,48.91429672,45.1516585,41.38902028,38.37890972,38.00294134,37.62646353,37.25014979,36.87383705,36.49794715,36.12173945,35.74496401,33.86413186,30.10132342,26.33843395,22.57589889,18.81343631,15.05068051,11.28797386,7.525301459,3.762632359,0,0,0,0,0,0,0,0,0,0
73.42768307,69.91978983,73.81045506,83.4029272,88.60786115,88.43500608,111.5706011,168.5258708,176.888248,171.0328896,124.0635933,85.97609581,65.19195271,59.01036255,52.46324173,48.44432292,47.74906607,46.81638332,43.69531204,40.57421513,37.45313984,34.33203361,31.83516049,31.52303792,31.21093828,30.8988252,30.58671765,30.27459815,29.96250649,29.65039118,28.08983991,24.96874501,21.84765043,18.72656176,15.60546576,12.48437221,9.363281287,6.242187464,3.121093403,0,0,0,0,0,0,0,0,0,0
5.871722553,6.243171603,7.082700066,7.801784531,7.658585473,7.177609355,11.63241196,32.17516653,35.64803074,35.84463743,37.0041593,31.38656415,25.55880145,23.61580548,21.0591267,18.94163203,17.9325881,16.93976891,15.81053605,14.68129957,13.55189368,12.42261919,11.51904205,11.40619775,11.29319518,11.18037821,11.06737658,10.95449474,10.84143326,10.72863676,10.16393117,9.034565745,7.905250889,6.775957074,5.646596032,4.517264088,3.387959441,2.258654768,1.129320183,0,0,0,0,0,0,0,0,0,0
0.797578319,0.865381641,1.101688596,1.411143969,1.837748887,2.105325767,2.767347392,4.505274437,4.747196402,4.718446619,4.293586074,3.218966187,2.416722783,2.059315961,1.632592593,1.226779661,0.911464968,0.820425532,0.765625,0.706081081,0.651854305,0.597662338,0.553630573,0.549015025,0.545626043,0.53884808,0.532070117,0.528681135,0.521903172,0.51851419,0.491402337,0.437178631,0.378933333,0.326153333,0.271681667,0.217548333,0.163076667,0.108424293,0.054381032,0,0,0,0,0,0,0,0,0,0
0.027869224,0.66069048,2.390577898,4.283213072,5.450756066,5.801505554,6.914316645,15.12236916,16.62255732,16.9692736,19.97171737,19.22328824,17.28467831,18.87671979,19.88186033,20.53550203,21.26828949,20.56509552,19.19408915,17.82308278,16.45207641,15.08107004,13.98426495,13.8471508,13.71006062,13.57295386,13.43585431,13.29874973,13.16164721,13.02456241,12.33905899,10.96804885,9.597047562,8.226045516,6.855023835,5.4840206,4.11302124,2.742009363,1.371005686,0,0,0,0,0,0,0,0,0,0
3.22599457,3.181686635,3.203208475,3.14900965,3.12849191,3.389042194,3.931797479,4.646318125,4.725643141,4.413237397,1.827312034,1.511519613,1.158203126,0.946977638,0.714198568,0.482052398,0.315734093,0.285333836,0.266313891,0.247294983,0.228263424,0.209245137,0.194017016,0.192219361,0.190316199,0.188413037,0.186509875,0.184606713,0.182703551,0.180800389,0.171284579,0.152252959,0.133221339,0.114189719,0.0951581,0.076126479,0.05709486,0.03806324,0.01903162,0,0,0,0,0,0,0,0,0,0
6.941897182,7.000377,7.167555545,7.541344364,7.810007727,8.076709636,9.099367636,10.11342518,9.985783909,10.07258272,10.853772,11.26743764,11.49543982,11.18129236,10.04286818,8.079612,5.462176091,3.795033818,2.673470195,1.812259163,1.296975018,0.978805587,0.799587258,0.788837278,0.778087298,0.758398613,0.738709928,0.719021243,0.699332558,0.679643873,0.650835333,0.57227166,0.528488058,0.512178592,0.520537258,0.546983817,0.57169403,0.5942299,0.614168378,0.631114985,0.644717373,0.654678169,0.660766438,0.662827126,0.660787926,0.660787926,0.660787926,0.660787926,0.660787926
1.395251182,1.292459455,1.411972364,1.541677909,1.462435636,1.286363727,1.319373,1.242895364,1.201338049,0.961802096,0.885110055,0.889466167,0.786308769,0.590624512,0.136696535,-0.42023136,-0.603416789,-0.927110013,-1.17811035,-1.309905122,-1.047924097,-0.785943073,-0.576358253,-0.550160151,-0.523962049,-0.497763946,-0.471565844,-0.445367741,-0.419169639,-0.392971536,-0.261981024,0,0,0,0,0,0,0,0,0,0,0,0,0,0,0,0,0,0
310.1868098,312.8963787,322.2788312,328.1242242,338.9417722,346.3955546,370.8962528,388.0870173,388.0905727,389.2261399,399.4462451,382.7967462,357.1669388,329.3214364,316.6390397,302.9072835,298.816324,295.1529366,283.6162471,272.0795577,260.5428682,249.0061787,239.7768272,238.6231582,237.4694893,236.3158203,235.1621514,234.0084824,232.8548135,231.7011445,225.9327998,214.3961103,202.8594209,191.3227314,179.7860419,168.2493525,156.712663,145.1759735,133.6392841,122.1025946,122.1025946,122.1025946,122.1025946,122.1025946,122.1025946,122.1025946,122.1025946,122.1025946,122.1025946
6.112229814,6.188009183,6.359556248,6.428305305,6.590470047,6.693579484,6.708375368,7.15293405,7.206761464,7.263147064,7.770617463,8.034766652,8.011326261,7.776866286,7.348611365,6.595603534,6.06231248,5.557950132,5.49134338,5.424736628,5.358129876,5.291523124,5.238237723,5.231577048,5.224916372,5.218255697,5.211595022,5.204934347,5.198273672,5.191612997,5.158309621,5.091702869,5.025096117,4.958489365,4.891882613,4.825275861,4.758669109,4.692062358,4.625455606,4.558848854,4.558848854,4.558848854,4.558848854,4.558848854,4.558848854,4.558848854,4.558848854,4.558848854,4.558848854
55.66100151,56.04916643,55.68752236,57.6417237,60.34085189,62.58782672,58.24945527,42.1752528,40.10301896,40.04554775,39.52830682,33.30245475,26.69104358,23.0367611,20.98994759,19.2829321,16.60630291,15.43523938,14.47402444,13.51280951,12.55159458,11.59037964,10.82140769,10.7252862,10.62916471,10.53304321,10.43692172,10.34080023,10.24467873,10.14855724,9.667949772,8.706734838,7.745519904,6.78430497,5.823090036,4.861875102,3.900660167,2.939445233,1.978230299,1.017015365,1.017015365,1.017015365,1.017015365,1.017015365,1.017015365,1.017015365,1.017015365,1.017015365,1.017015365
886.5647302,881.6703956,970.7244172,944.7470786,945.5469501,950.5924444,953.2286303,892.8851464,882.5189619,879.2564144,849.8934867,796.7439794,731.2692655,653.7747616,577.6097427,500.6184377,428.446884,384.9213039,373.9724106,363.0235173,352.0746241,341.1257308,332.3666162,331.2717269,330.1768375,329.0819482,327.9870589,326.8921695,325.7972802,324.7023909,319.2279443,308.279051,297.3301577,286.3812645,275.4323712,264.4834779,253.5345847,242.5856914,231.6367981,220.6879049,220.6879049,220.6879049,220.6879049,220.6879049,220.6879049,220.6879049,220.6879049,220.6879049,220.6879049
195.3241582,196.1877828,218.4604141,214.4033914,216.6872834,218.7880648,224.6021121,220.5330716,218.8551347,218.4302047,214.6058346,208.8717357,197.1529845,179.6069539,162.3620867,146.5635657,130.5978594,120.6987505,115.3369708,109.9751912,104.6134116,99.25163193,94.96220823,94.42603026,93.8898523,93.35367434,92.81749637,92.28131841,91.74514045,91.20896248,88.52807267,83.16629303,77.8045134,72.44273377,67.08095413,61.7191745,56.35739487,50.99561523,45.6338356,40.27205597,40.27205597,40.27205597,40.27205597,40.27205597,40.27205597,40.27205597,40.27205597,40.27205597,40.27205597
41.26362178,41.37717554,41.89878327,42.68216556,44.5568559,45.62238086,47.31829704,45.53390398,45.08018703,44.89707177,43.24903442,38.99119677,35.55013357,32.49892678,29.29584675,27.42969086,25.28192549,23.65365291,22.39819354,21.14273416,19.88727479,18.63181541,17.62744791,17.50190198,17.37635604,17.2508101,17.12526416,16.99971823,16.87417229,16.74862635,16.12089666,14.86543729,13.60997791,12.35451854,11.09905916,9.843599789,8.588140414,7.33268104,6.077221665,4.82176229,4.82176229,4.82176229,4.82176229,4.82176229,4.82176229,4.82176229,4.82176229,4.82176229,4.82176229
7.457347232,7.591758769,8.046474187,8.241697598,8.542465507,8.840128386,9.665129376,9.002700023,8.821519134,8.741611203,8.022439822,7.273981058,6.332579691,5.536410377,4.671360021,3.790080811,3.023978488,2.650956545,2.554934899,2.458913253,2.362891607,2.266869961,2.190052644,2.18045048,2.170848315,2.16124615,2.151643986,2.142041821,2.132439657,2.122837492,2.074826669,1.978805023,1.882783377,1.786761731,1.690740085,1.594718439,1.498696793,1.402675147,1.306653501,1.210631855,1.210631855,1.210631855,1.210631855,1.210631855,1.210631855,1.210631855,1.210631855,1.210631855,1.210631855
27.9819784,27.87799844,33.80824329,34.36218135,32.33033041,32.72399071,34.61053251,33.68101532,33.41476309,33.24738459,31.74097811,29.71473396,26.86687298,24.08939341,21.12855895,18.12670106,15.69485315,14.53966565,14.28384657,14.02802749,13.77220842,13.51638934,13.31173408,13.28615217,13.26057026,13.23498835,13.20940645,13.18382454,13.15824263,13.13266072,13.00475118,12.74893211,12.49311303,12.23729395,11.98147488,11.7256558,11.46983672,11.21401765,10.95819857,10.70237949,10.70237949,10.70237949,10.70237949,10.70237949,10.70237949,10.70237949,10.70237949,10.70237949,10.70237949
44.89025595,45.05520879,47.00430786,47.50972049,47.85824628,48.49222039,51.4248594,54.92807919,55.22016011,55.66544944,59.67305346,62.08868345,62.6139856,61.90028286,60.00609509,57.57074784,55.49282301,53.83376923,53.02595941,52.21814959,51.41033976,50.60252994,49.95628208,49.8755011,49.79472012,49.71393914,49.63315816,49.55237717,49.47159619,49.39081521,48.9869103,48.17910048,47.37129065,46.56348083,45.75567101,44.94786119,44.14005136,43.33224154,42.52443172,41.7166219,41.7166219,41.7166219,41.7166219,41.7166219,41.7166219,41.7166219,41.7166219,41.7166219,41.7166219
9.9231457,10.593275,11.982167,12.579882,12.194883,11.060838,10.48947,10.7981408,10.780201,10.775021,10.728401,10.145207,9.461613,7.5863302,6.2791422,3.8900642,3.4500683,3.2441702,3.027892187,2.811614173,2.59533616,2.379058147,2.206035736,2.184407935,2.162780133,2.141152332,2.119524531,2.097896729,2.076268928,2.054641127,1.94650212,1.730224107,1.513946093,1.29766808,1.081390067,0.865112053,0.64883404,0.432556027,0.216278013,0,0,0,0,0,0,0,0,0,0
2.8153943,3.0480682,3.4534372,3.16329,2.2029533,1.9480504,1.7742176,1.5596,1.557,1.55626,1.5496,1.4653,1.3666,1.0957,0.9069,0.5619,0.4983,0.4686,0.43736,0.40612,0.37488,0.34364,0.318648,0.315524,0.3124,0.309276,0.306152,0.303028,0.299904,0.29678,0.28116,0.24992,0.21868,0.18744,0.1562,0.12496,0.09372,0.06248,0.03124,0,0,0,0,0,0,0,0,0,0
0.4624,0.4651,0.4058,0.3939,0.4062,0.148985858,0.193624802,0.159848597,0.144768204,0.144329243,0.118455874,0.15206895,0.191215324,0.220484712,0.25074091,0.247181557,0.218839929,0.182641118,0.182878289,0.183038774,0.183148976,0.183225889,0.183270109,0.183274836,0.183279401,0.181920983,0.180557373,0.179188147,0.177813621,0.176433428,0.169450268,0.155060302,0.140079913,0.124476895,0.108214282,0.091251533,0.073543715,0.055041496,0.035691096,0.019013958,0.018995702,0.018975091,0.018955883,0.018937626,0.018919478,0.018919478,0.018919478,0.018919478,0.018919478
9.2978389,8.9840003,9.7208997,11.005369,12.712613,14.626529,11.247607,5.05242,2.6941,2.48112,0.5643,0.2726,0.1082,0.0575,0.0291,0.0143,0.0071,0,0,0,0,0,0,0,0,0,0,0,0,0,0,0,0,0,0,0,0,0,0,0,0,0,0,0,0,0,0,0,0
1.41,1.65,2.8,4.79,5.49,6.36,15.9,13.5,7.18,6.61,1.5,0.726,0.288,0.153,0.0775,0.0381,0.0189,0,0,0,0,0,0,0,0,0,0,0,0,0,0,0,0,0,0,0,0,0,0,0,0,0,0,0,0,0,0,0,0
0.57423278,0.63867332,0.73327062,0.85366012,0.97410928,1.0845927,1.3375544,1.276854,1.3081675,1.254602996,0.77252246,0.49291132,0.35807908,0.33118631,0.30834587,0.29373291,0.29176814,0.2692961,0.251343027,0.233389953,0.21543688,0.197483807,0.183121348,0.181326041,0.179530733,0.177735426,0.175940119,0.174144811,0.172349504,0.170554197,0.16157766,0.143624587,0.125671513,0.10771844,0.089765367,0.071812293,0.05385922,0.035906147,0.017953073,0,0,0,0,0,0,0,0,0,0
10.640667,11.075295,12.214474,15.640539,15.758879,16.143675,35.069515,157.081288,176.65396,181.708385,227.19821,215.71642,190.35522,204.22963,211.74701,214.85914,220.63457,208.42816,194.5329493,180.6377387,166.742528,152.8473173,141.7311488,140.3416277,138.9521067,137.5625856,136.1730645,134.7835435,133.3940224,132.0045013,125.056896,111.1616853,97.26647467,83.371264,69.47605333,55.58084267,41.685632,27.79042133,13.89521067,0,0,0,0,0,0,0,0,0,0
99.657424,96.243251,102.73275,117.40605,125.65071,126.49199,165.044,254.12644,267.1697,261.75265,212.9992,164.6281,135.7388,138.6867,141.4817,146.5389,156.7853,153.7228,143.4746133,133.2264267,122.97824,112.7300533,104.531504,103.5066853,102.4818667,101.457048,100.4322293,99.40741067,98.382592,97.35777333,92.23368,81.98549333,71.73730667,61.48912,51.24093333,40.99274667,30.74456,20.49637333,10.24818667,0,0,0,0,0,0,0,0,0,0
8.5987563,9.8521252,11.617585,13.114832,13.097501,12.434284,20.460881,57.94764,64.3393,66.04767,81.423,80.1672,72.147,77.8515,82.0673,84.1552,86.3431,81.5636,76.12602667,70.68845333,65.25088,59.81330667,55.463248,54.91949067,54.37573333,53.831976,53.28821867,52.74446133,52.200704,51.65694667,48.93816,43.50058667,38.06301333,32.62544,27.18786667,21.75029333,16.31272,10.87514667,5.437573333,0,0,0,0,0,0,0,0,0,0
0.863,0.943,1.21,1.56,2.05,2.37,3.18,5.27,5.67,5.65,5.43,4.35,3.53,3.31,3.04,2.82,2.7,2.41,2.25,2.09,1.93,1.77,1.64,1.62,1.61,1.59,1.57,1.56,1.54,1.53,1.45,1.29,1.12,0.964,0.803,0.643,0.482,0.321,0.161,0,0,0,0,0,0,0,0,0,0
0.034006926,0.80619906,2.9170651,5.226518,6.6512131,7.0791974,8.7778712,19.6360648,21.612956,22.1511087,26.994483,26.869016,24.91547,27.843954,29.932245,31.353172,33.229689,32.131009,29.98894173,27.84687447,25.7048072,23.56273993,21.84908612,21.63487939,21.42067267,21.20646594,20.99225921,20.77805249,20.56384576,20.34963903,19.2786054,17.13653813,14.99447087,12.8524036,10.71033633,8.568269067,6.4262018,4.284134533,2.142067267,0,0,0,0,0,0,0,0,0,0
5.2735332,5.3282102,5.4976481,5.5417194,5.6480085,6.2799143,7.2759031,8.11256,8.1357,7.66123,3.391,3.0215,2.4938,2.1975,1.7759,1.2753,0.8766,0.7922,0.739386667,0.686573333,0.63376,0.580946667,0.538696,0.533414667,0.528133333,0.522852,0.517570667,0.512289333,0.507008,0.501726667,0.47532,0.422506667,0.369693333,0.31688,0.264066667,0.211253333,0.15844,0.105626667,0.052813333,0,0,0,0,0,0,0,0,0,0