year,,,,,,,,,,,,,,,,
,USA,CAN,WEU  ,JPK,ANZ,CEE,FSU,MDE,CAM,SAM,SAS,SEA,CHI,NAF,SSA,SIS
1995,266.278,29.302311,386.034261,170.564991,21.678282,119.472798,289.556203,214.182253,123.031793,323.806226,1270.506432,510.054876,1213.738075,133.271143,582.841064,38.210528
1996,269.394,29.610218,387.169789,171.281681,21.956767,119.450572,289.121137,218.835929,125.347258,329.054235,1297.104714,518.934314,1226.74683,135.799538,598.555704,38.660703
1997,272.657,29.905948,388.209564,172.01058,22.204337,119.413409,288.609457,223.579926,127.638698,334.263773,1323.598363,527.853919,1239.357771,138.327171,614.275409,39.10331
1998,275.854,30.155173,389.186636,172.686503,22.422584,119.319353,288.045099,228.383005,129.913176,339.427399,1350.268106,536.634374,1251.302624,140.820614,630.298986,39.527099
1999,279.04,30.401286,390.333549,173.247677,22.647364,119.181323,287.26814,233.273758,132.174266,344.504518,1377.185274,545.027496,1262.195506,143.277032,646.828559,39.948166
2000,282.162411,30.68573,391.743567,173.851111,22.886502,118.599776,286.510528,238.270367,134.422962,349.466851,1404.225718,553.157035,1272.192875,145.748513,663.891603,40.356328
2001,284.968955,31.020902,393.398345,174.519164,23.155201,117.864747,285.752164,243.348773,136.646919,354.300627,1431.541625,561.097684,1281.476023,148.256382,681.561553,40.756384
2002,287.625193,31.360079,395.419304,175.089736,23.44371,117.203088,285.036213,247.932971,138.854388,358.995119,1459.260288,568.902755,1290.088382,150.820159,699.799237,41.147517
2003,290.107933,31.644028,397.651597,175.61033,23.747937,116.893283,284.456789,252.460774,141.030683,363.515971,1486.61833,576.50779,1298.109787,153.416914,718.579434,41.534199
2004,292.805298,31.940655,399.989721,175.843519,24.020222,116.607822,284.050473,257.564833,143.201445,367.929904,1513.011069,584.08,1305.871978,156.045526,738.005728,41.912185
2005,295.516599,32.243753,402.316828,175.957561,24.310744,116.323478,283.726101,263.242158,145.349932,372.29801,1538.705148,591.648019,1313.581074,158.690232,758.081398,42.278341
2006,298.379912,32.571174,404.537592,176.292292,24.635566,116.05486,283.575954,269.628376,147.445041,376.577248,1563.687514,599.3466,1320.960205,161.354699,778.838451,42.63118
2007,301.231207,32.889025,406.999623,176.684638,25.051422,115.625355,283.801748,276.408964,149.524842,380.749418,1587.385775,607.168854,1327.922273,164.112787,800.35523,42.974158
2008,304.093966,33.247118,409.430626,177.117708,25.508999,115.194035,284.528434,283.364443,151.584276,384.809631,1610.785159,615.029908,1334.775725,166.958117,822.567182,43.315473
2009,306.771529,33.628895,411.301381,177.354835,25.994253,114.956416,285.466609,290.359755,153.625388,388.818527,1634.418134,622.765851,1341.442534,169.884673,845.402226,43.663886
2010,309.327143,34.004889,412.929674,177.624112,26.38245,114.585112,286.601952,296.898522,155.780764,392.53494,1658.093421,630.436583,1347.989017,172.960673,868.823867,43.975268
2011,311.583481,34.339328,413.038954,177.769638,26.724024,114.319829,287.81993,302.998144,158.07254,396.63907,1682.242451,638.198247,1355.421541,175.867954,892.779955,44.26411
2012,313.877662,34.714222,414.52092,177.828853,27.141565,114.046027,288.974944,309.123356,160.350628,400.705293,1705.847399,646.086493,1364.715215,178.897361,917.362684,44.599393
2013,316.059947,35.082954,416.403455,177.873893,27.570229,113.787415,290.318655,315.501258,162.558124,404.713924,1728.796927,653.797978,1373.857427,182.467548,942.720398,44.935647
2014,318.386329,35.437435,418.360759,178.022659,27.992186,113.535514,291.654254,322.2252,164.693667,408.719575,1751.220949,661.301938,1382.59649,186.127807,969.017735,45.251521
2015,320.738994,35.702908,420.230205,178.155947,28.425395,113.252837,293.088116,329.003914,166.753697,412.748863,1772.8742,668.70328,1390.731288,189.697425,996.223121,45.560117
2016,323.071755,36.109487,422.076033,178.293803,28.905007,112.960922,294.429679,335.2597,168.786308,416.757544,1794.441334,676.090736,1398.782843,193.198486,1023.803857,45.852269
2017,325.122128,36.545236,423.606171,178.333911,29.407802,112.68326,295.582531,340.823329,170.765302,420.69983,1818.396264,683.232916,1407.342839,196.643751,1051.936851,46.115909
2018,326.838199,37.065084,425.101959,178.396058,29.867243,112.43531,296.548486,346.334849,172.590291,424.541278,1840.044335,690.126362,1414.027582,200.006117,1080.715846,46.336081
2019,328.329953,37.60123,426.08872,178.397822,30.319417,112.222539,297.521995,351.858554,174.298466,428.223569,1861.094006,696.879733,1419.148983,203.246849,1109.806182,46.666622
2020,330.9160315,37.99271609,427.5729216,178.2366909,30.74672492,112.1506648,297.753754,357.6849545,176.2176579,431.8819943,1885.030285,703.1736131,1422.501296,205.8067569,1134.915044,46.92256656
2021,333.4279017,38.36309528,428.955502,177.8932551,31.14598425,112.0339248,297.7933437,362.8653117,177.8976294,435.0614333,1906.319444,708.457922,1423.805965,208.010467,1158.623169,47.12419029
2022,335.9588388,38.73708518,430.3425531,177.5504811,31.55042813,111.9173063,297.8329387,368.1206961,179.5936169,438.2642787,1927.849039,713.7819423,1425.111831,210.2377736,1182.826551,47.32668038
2023,338.5089873,39.11472099,431.7340893,177.2083675,31.96012389,111.8008091,297.8725389,373.4521943,181.3057731,441.490703,1949.621784,719.1459722,1426.418895,212.4889296,1207.535537,47.53004055
2024,341.0784931,39.49603826,433.1301251,176.8669132,32.37513972,111.6844333,297.9121444,378.8609087,183.0342521,444.7408795,1971.640426,724.5503125,1427.727157,214.7641901,1232.760688,47.73427456
2025,343.6675031,39.88107287,434.5306751,176.5261168,32.79554471,111.5681785,297.9517552,384.3479576,184.7792096,448.0149834,1993.907743,729.9952661,1429.036619,217.0638134,1258.512787,47.93938614
2026,346.0663893,40.22565373,435.8020562,176.0334066,33.17324323,111.3872737,297.8345194,389.2486104,186.278082,450.7359846,2013.416146,734.4260359,1428.208921,219.0078725,1282.687207,48.09248449
2027,348.4820203,40.57321184,437.0771572,175.5420716,33.55529162,111.2066621,297.7173298,394.2117494,187.7891128,453.4735117,2033.11542,738.8836986,1427.381702,220.9693429,1307.325986,48.24607178
2028,350.914513,40.92377293,438.355989,175.0521081,33.94173997,111.0263434,297.6001863,399.2381712,189.3124006,456.2276651,2053.007431,743.3684175,1426.554962,222.9483805,1332.438045,48.40014955
2029,353.3639851,41.27736293,439.6385625,174.5635121,34.33263896,110.8463171,297.4830888,404.3286826,190.8480449,458.9985457,2073.094066,747.8803567,1425.728701,224.9451427,1358.032474,48.55471939
2030,355.8305551,41.63400803,440.9248886,174.0762798,34.72803983,110.6665826,297.3660375,409.484101,192.3961458,461.7862552,2093.377229,752.4196816,1424.902919,226.9597883,1384.11854,48.70978285
2031,358.0738161,41.95267669,442.0920121,173.4501625,35.08773411,110.411765,297.2013472,414.1399322,193.6909872,464.0128181,2111.468981,755.9561001,1421.830512,228.6851168,1408.429805,48.81023158
2032,360.3312192,42.27378444,443.262225,172.8262971,35.45115392,110.157534,297.0367482,418.8487003,194.9945429,466.2501168,2129.717089,759.50914,1418.764731,230.4235611,1433.168085,48.91088746
2033,362.6028536,42.59734997,444.4355354,172.2046757,35.81833782,109.9038885,296.8722403,423.6110069,196.3068716,468.4982029,2148.122904,763.0788795,1415.70556,232.175221,1458.340878,49.01175091
2034,364.8888091,42.92339209,445.6119516,171.5852901,36.18932482,109.650827,296.7078235,428.427461,197.6280324,470.7571284,2166.687789,766.6653969,1412.652986,233.9401968,1483.955818,49.11282236
2035,367.189176,43.25192975,446.7914817,170.9681323,36.5641543,109.3983481,296.5434978,433.2986781,198.9580847,473.0269456,2185.413118,770.2687712,1409.606993,235.7185898,1510.020669,49.21410223
2036,369.2705815,43.55910659,447.8633892,170.2215823,36.91561483,109.1038791,296.4267739,437.6878636,200.0418992,474.7778357,2201.828075,772.8530296,1404.391952,237.2524668,1534.092696,49.26208969
2037,371.3637855,43.86846502,448.9378683,169.4782922,37.27045366,108.8102027,296.3100959,442.1215103,201.1316177,476.5352065,2218.366328,775.4459582,1399.196204,238.7963252,1558.548467,49.31012394
2038,373.4688547,44.18002052,450.0149252,168.7382478,37.62870325,108.5173168,296.1934638,446.6000684,202.2272723,478.2990823,2235.028801,778.0475861,1394.019679,240.3502299,1583.3941,49.35820503
2039,375.5858565,44.4937887,451.0945661,168.0014348,37.9903964,108.2252192,296.0768777,451.123993,203.3288955,480.0694869,2251.816429,780.6579425,1388.862304,241.9142461,1608.635811,49.406333
2040,377.7148584,44.80978528,452.1767972,167.2678392,38.35556619,107.9339079,295.9603374,455.6937436,204.4365197,481.8464446,2268.730152,783.2770567,1383.724011,243.4884398,1634.279913,49.4545079
2041,379.6258369,45.11307208,453.1176323,166.4174039,38.70093044,107.6245544,295.7967985,459.6684087,205.3044366,483.1030147,2283.305947,784.8732471,1376.67108,244.810086,1657.682512,49.45072666
2042,381.5464837,45.41841162,454.060425,165.5712925,39.04940444,107.3160874,295.6333499,463.6777417,206.1760381,484.3628616,2297.975386,786.4726902,1369.654098,246.138906,1681.420231,49.44694571
2043,383.4768475,45.7258178,455.0051794,164.7294829,39.4010162,107.0085046,295.4699917,467.722045,207.05134,485.6259941,2312.739072,788.0753928,1362.672882,247.4749388,1705.497871,49.44316505
2044,385.4169777,46.03530459,455.9518995,163.8919533,39.75579397,106.7018034,295.3067237,471.8016237,207.9303578,486.8924205,2327.597609,789.6813614,1355.72725,248.8182236,1729.920298,49.43938468
2045,387.3669237,46.3468861,456.9005894,163.0586819,40.11376625,106.3959812,295.143546,475.9167854,208.8131075,488.1621496,2342.551607,791.2906027,1348.817021,250.1687996,1754.69245,49.4356046
2046,389.1789019,46.64811681,457.6631358,162.1314922,40.44854702,106.0723806,294.8775588,479.3852612,209.4632363,488.884763,2354.636111,791.8789575,1340.176615,251.2118869,1777.174905,49.37959844
2047,390.999356,46.95130536,458.4269548,161.2095746,40.78612179,105.7497642,294.6118112,482.8790153,210.1153892,489.6084461,2366.782955,792.4677497,1331.591558,252.2593234,1799.945422,49.32365573
2048,392.8283256,47.25646449,459.1920487,160.2928993,41.12651389,105.4281291,294.3463032,486.3982318,210.7695726,490.3332005,2378.992461,793.0569797,1323.061497,253.3111272,1823.007692,49.2677764
2049,394.6658506,47.56360699,459.9584195,159.3814364,41.46974682,105.1074722,294.0810345,489.9430963,211.4257927,491.0590276,2391.264952,793.6466479,1314.586079,254.3673165,1846.365453,49.21196037
2050,396.5119709,47.87274575,460.7260692,158.4751563,41.8158443,104.7877905,293.8160048,493.5137958,212.084056,491.7859292,2403.600753,794.2367544,1306.164953,255.4279096,1870.022492,49.15620758
2051,398.3203978,48.16450102,461.2936076,157.5054336,42.13409288,104.435471,293.4284812,496.4261096,212.5213365,491.9714974,2412.83768,794.0392738,1296.294966,256.1988998,1890.755038,49.05012013
2052,400.1370726,48.45803435,461.8618451,156.5416446,42.45476355,104.084336,293.0414687,499.3556096,212.9595187,492.1571356,2422.110104,793.8418422,1286.499562,256.9722172,1911.717441,48.94426163
2053,401.962033,48.75335659,462.4307825,155.5837532,42.77787476,103.7343816,292.6549666,502.302397,213.3986043,492.3428439,2431.418162,793.6444597,1276.778176,257.7478687,1932.91225,48.8386316
2054,403.7953168,49.05047864,463.0004208,154.6317233,43.10344507,103.3856038,292.2689743,505.266574,213.8385952,492.5286222,2440.76199,793.4471263,1267.130249,258.5258616,1954.342041,48.73322953
2055,405.6369619,49.34941147,463.5707608,153.6855188,43.43149321,103.0379987,291.8834911,508.2482431,214.2794932,492.7144706,2450.141726,793.249842,1257.555226,259.3062027,1976.00942,48.62805494
2056,407.4667854,49.63036667,463.9850589,152.6879429,43.72847524,102.6416187,291.4145103,510.5936799,214.4956528,492.4528845,2456.138611,792.3893865,1246.847357,259.8070803,1994.981441,48.47743606
2057,409.3048633,49.9129214,464.3997272,151.6968422,44.02748801,102.2467636,290.946283,512.9499404,214.7120304,492.1914372,2462.150174,791.5298644,1236.230664,260.3089253,2014.135615,48.32728371
2058,411.1512327,50.19708477,464.8147661,150.7121748,44.32854542,101.8534274,290.4788081,515.3170744,214.9286262,491.9301287,2468.176451,790.6712747,1225.704369,260.8117398,2033.473692,48.17759643
2059,413.005931,50.48286593,465.2301759,149.7338989,44.63166144,101.4616044,290.0120842,517.6951321,215.1454406,491.6689589,2474.217478,789.8136162,1215.267705,261.3155255,2052.997437,48.02837279
2060,414.8689959,50.77027409,465.645957,148.761973,44.93685015,101.0712887,289.5461103,520.084164,215.3624737,491.4079278,2480.27329,788.9568881,1204.919907,261.8202843,2072.708634,47.87961134
2061,416.594539,51.0163765,465.8358645,147.7071031,45.19109677,100.594498,288.9658518,521.9023942,215.4742623,490.7640981,2483.373216,787.6336425,1193.816502,262.0812931,2090.170145,47.70839944
2062,418.327259,51.26367186,466.0258495,146.6597133,45.44678188,100.1199565,288.3867562,523.726981,215.5861089,490.1211119,2486.477017,786.3126163,1182.815416,262.3425621,2107.77876,47.53779978
2063,420.0671858,51.51216595,466.2159119,145.6197505,45.70391362,99.64765353,287.8088211,525.5579467,215.6980135,489.4789681,2489.584697,784.9938057,1171.915706,262.6040916,2125.535719,47.36781016
2064,421.8143494,51.76186458,466.4060518,144.587162,45.96250019,99.17757862,287.2320442,527.3953135,215.8099763,488.8376656,2492.696261,783.677207,1161.116437,262.8658818,2143.442271,47.1984284
2065,423.5687799,52.0127736,466.5962693,143.5618957,46.22254979,98.70972123,286.6564232,529.2391037,215.9219972,488.1972034,2495.811714,782.3628166,1150.416684,263.1279329,2161.499676,47.02965233
2066,425.1109378,52.22467283,466.6463139,142.4710193,46.43597956,98.1684704,285.9892738,530.5530606,215.957756,487.2089069,2496.488991,780.4716031,1139.299136,263.1515763,2177.324006,46.84600984
2067,426.6587105,52.43743533,466.6963638,141.3884321,46.65039482,97.63018738,285.3236772,531.8702797,215.9935208,486.2226111,2497.166451,778.5849613,1128.289028,263.1752218,2193.264186,46.66308444
2068,428.2121185,52.65106463,466.7464191,140.3140711,46.86580013,97.09485591,284.6596296,533.190769,216.0292915,485.238312,2497.844095,776.7028802,1117.38532,263.1988694,2209.321064,46.48087334
2069,429.7711822,52.86556425,466.7964797,139.2478738,47.08220006,96.56245979,283.9971275,534.5145368,216.0650682,484.2560054,2498.521923,774.8253485,1106.586985,263.2225192,2225.495494,46.29937373
2070,431.3359222,53.08093773,466.8465458,138.1897782,47.2995992,96.03298294,283.3361672,535.8415912,216.1008507,483.2756874,2499.199935,772.9523555,1095.893005,263.2461711,2241.788337,46.11858285
2071,432.6395683,53.25783768,466.7880482,137.0996533,47.47293539,95.46125409,282.5736389,536.6473574,216.047267,481.9681509,2497.611655,770.5525983,1084.841749,263.0640324,2255.79684,45.92702762
2072,433.9471545,53.43532717,466.7295579,136.0181281,47.64690679,94.89292899,281.8131627,537.4543352,215.9936965,480.664152,2496.024384,768.1602916,1073.901937,262.8820197,2269.89288,45.73626802
2073,435.2586927,53.61340817,466.6710749,134.9451345,47.82151574,94.32798741,281.0547332,538.2625265,215.9401393,479.3636811,2494.438122,765.7754121,1063.072445,262.700133,2284.077003,45.54630075
2074,436.5741948,53.79208265,466.6125993,133.8806054,47.99676456,93.76640918,280.2983448,539.0719331,215.8865954,478.0667288,2492.852869,763.3979369,1052.35216,262.5183721,2298.34976,45.35712252
2075,437.8936728,53.97135259,466.554131,132.8244739,48.17265561,93.20817428,279.543992,539.8825569,215.8330647,476.7732855,2491.268622,761.027843,1041.739981,262.336737,2312.711704,45.16873004
2076,438.9244001,54.10651927,466.3680412,131.7596921,48.30227128,92.64062533,278.6801136,540.2298003,215.6854051,475.2014509,2487.458626,758.2299529,1030.752852,262.011734,2324.838632,44.9705561
2077,439.9575535,54.24202446,466.1820256,130.7034461,48.43223571,92.07653221,277.8189049,540.5772671,215.5378465,473.6347985,2483.654456,755.4423491,1019.881604,261.6871336,2337.029148,44.77325163
2078,440.9931389,54.37786901,465.9960842,129.6556674,48.56254982,91.51587388,276.9603576,540.9249574,215.3903889,472.073311,2479.856104,752.6649939,1009.125014,261.3629353,2349.283587,44.57681282
2079,442.0311618,54.51405377,465.810217,128.6162882,48.69321456,90.95862943,276.1044635,541.2728713,215.2430322,470.5169714,2476.063562,749.8978495,998.4818729,261.0391387,2361.602283,44.38123586
2080,443.0716281,54.6505796,465.624424,127.5852411,48.82423088,90.40477806,275.2512143,541.6210089,215.0957762,468.9657628,2472.276819,747.1408783,987.9509837,260.7157432,2373.985573,44.18651699
2081,443.8393268,54.73781335,465.2901319,126.5181138,48.90699422,89.86189701,274.3150495,541.5847246,214.8468699,467.1914347,2466.457028,744.0481857,977.2059011,260.2793812,2384.168006,43.98213946
2082,444.6083557,54.82518635,464.9560797,125.4599121,48.98989786,89.32227596,273.3820688,541.5484428,214.5982516,465.4238198,2460.650937,740.9682949,966.5776834,259.8437496,2394.394114,43.77870724
2083,445.378717,54.91269882,464.6222675,124.4105611,49.07294203,88.78589534,272.4522612,541.5121634,214.349921,463.6628926,2454.858514,737.9011528,956.0650597,259.4088471,2404.664084,43.57621597
2084,446.1504132,55.00035097,464.2886948,123.369987,49.15612698,88.25273568,271.525616,541.4758864,214.1018778,461.9086278,2449.079727,734.8467068,945.6667725,258.9746725,2414.978103,43.37466128
2085,446.9234464,55.08814304,463.9553617,122.3381163,49.23945293,87.72277766,270.6021225,541.4396119,213.8541216,460.1610003,2443.314542,731.8049043,935.3815785,258.5412245,2425.336361,43.17403886
2086,447.4659874,55.1260145,463.4094472,121.2962052,49.26968538,87.21048656,269.6352295,541.1119016,213.522133,458.2591834,2435.886712,728.4970744,925.220333,258.0304486,2433.534455,42.96784732
2087,448.0091871,55.16391201,462.8641751,120.2631677,49.29993639,86.70118718,268.6717914,540.7843896,213.1906598,456.3652266,2428.481463,725.2041962,915.1694712,257.5206818,2441.760261,42.76264052
2088,448.5530461,55.20183556,462.3195446,119.2389283,49.33020598,86.19486205,267.7117958,540.4570758,212.8597011,454.4790973,2421.098726,721.9262021,905.2277941,257.0119221,2450.013871,42.55841375
2089,449.0975654,55.23978519,461.775555,118.2234119,49.36049415,85.69149381,266.7552303,540.1299601,212.5292562,452.6007633,2413.738433,718.6630249,895.3941154,256.5041675,2458.295381,42.35516233
2090,449.6427457,55.2777609,461.2322054,117.2165443,49.39080092,85.19106518,265.8020827,539.8030424,212.1993243,450.7301924,2406.400516,715.4145976,885.6672621,255.9974161,2466.604883,42.1528816
2091,449.9832038,55.25465564,460.4704296,116.2107053,49.36483516,84.70311274,264.8151419,539.2525044,211.8193522,448.7527394,2397.611588,711.9750083,876.3058054,255.4013402,2473.021003,41.95184447
2092,450.3239197,55.23156003,459.7099119,115.2134973,49.33888305,84.21795518,263.8318656,538.7025278,211.4400604,446.783962,2388.854759,708.551956,867.0432988,254.8066523,2479.453812,41.75176613
2093,450.6648936,55.20847407,458.9506503,114.2248465,49.31294458,83.73557647,262.8522403,538.1531121,211.0614479,444.823822,2380.129914,705.1453611,857.8786964,254.2133491,2485.903355,41.55264201
2094,451.0061256,55.18539777,458.1926427,113.2446793,49.28701975,83.2559607,261.8762525,537.6042568,210.6835132,442.8722816,2371.436934,701.7551445,848.8109634,253.6214274,2492.369674,41.35446756
2095,451.347616,55.16233111,457.435887,112.2729229,49.26110855,82.77909204,260.9038885,537.0559613,210.3062554,440.929303,2362.775704,698.3812275,839.8390758,253.0308839,2498.852813,41.15723826
2096,451.469363,55.0801961,456.4022223,111.288318,49.18520116,82.30301817,259.869662,536.2712884,209.8964469,438.9044734,2353.191567,694.8492914,831.2806069,252.3721079,2503.587864,40.96285659
2097,451.5911429,54.99818338,455.3708934,110.3123479,49.10941073,81.82968226,258.8395352,535.487762,209.487437,436.8889422,2343.646306,691.3352174,822.809354,251.715047,2508.331887,40.76939297
2098,451.7129556,54.91629278,454.341895,109.3449368,49.0337371,81.35906858,257.8134918,534.7053804,209.079224,434.8826667,2334.139764,687.8389152,814.4244283,251.0596968,2513.0849,40.57684306
2099,451.8348012,54.83452411,453.3152218,108.3860096,48.95818007,80.89116146,256.7915156,533.9241419,208.6718066,432.8856044,2324.671783,684.3602949,806.1249501,250.4060529,2517.846919,40.38520255
2100,451.9566796,54.75287719,452.2908686,107.4354919,48.88273947,80.42594533,255.7735906,533.1440449,208.265183,430.897713,2315.242207,680.8992671,797.9100485,249.7541107,2522.617962,40.19446713
2101,452.0724985,54.67543967,451.331923,106.5412295,48.81120939,79.98766834,254.8115223,532.4289686,207.8804817,429.0234809,2306.377772,677.6472102,790.1948016,249.1373684,2527.240554,40.01583446
2102,452.188347,54.59811168,450.3750106,105.6544107,48.73978399,79.55177971,253.8530727,531.7148515,207.496491,427.157401,2297.547276,674.4106856,782.5541559,248.5221491,2531.871617,39.83799566
2103,452.3042252,54.52089304,449.420127,104.7749735,48.6684631,79.11826643,252.8982282,531.0016922,207.1132096,425.2994378,2288.75059,671.1896189,774.9873899,247.908449,2536.511167,39.66094721
2104,452.4201332,54.44378362,448.467268,103.9028564,48.59724658,78.68711556,251.9469752,530.2894894,206.7306361,423.4495559,2279.987584,667.9839365,767.4937895,247.2962644,2541.159218,39.48468561
2105,452.5360708,54.36678326,447.5164292,103.0379987,48.52613426,78.25831423,250.9993003,529.5782418,206.3487694,421.6077204,2271.258129,664.7935648,760.0726471,246.6855915,2545.815786,39.30920735
2106,452.6459376,54.29394959,446.6281968,102.2262133,48.4588889,77.85530043,250.1058889,528.9278857,205.9884193,419.8753728,2263.071492,661.8026237,753.1184832,246.1093717,2550.309314,39.14517821
2107,452.755831,54.22121349,445.7417274,101.4208237,48.39173672,77.45436207,249.2156576,528.2783282,205.6286984,418.1501434,2254.914363,658.825139,746.2279453,245.5344979,2554.810774,38.98183353
2108,452.8657511,54.14857484,444.8570174,100.6217793,48.3246776,77.05548846,248.3285949,527.6295685,205.2696058,416.4320027,2246.786637,655.8610502,739.4004513,244.9609669,2559.320178,38.81917046
2109,452.9756979,54.0760335,443.9740634,99.82903014,48.25771141,76.65866896,247.4446897,526.9816054,204.9111402,414.7209218,2238.688206,652.9102969,732.6354244,244.3887755,2563.837542,38.65718615
2110,453.0856714,54.00358934,443.0928619,99.04252669,48.19083801,76.263893,246.5639306,526.3344381,204.5533007,413.0168715,2230.618966,649.9728193,725.932293,243.8179208,2568.36288,38.49587776
2111,453.1895633,53.93527171,442.2716821,98.30623382,48.12779062,75.89385532,245.7359639,525.7442575,204.2165993,411.4184844,2223.071868,647.2260722,719.6670147,243.2808251,2572.711053,38.34543396
2112,453.293479,53.86704051,441.4520241,97.57541463,48.06482571,75.52561308,244.9107775,525.1547388,203.8804521,409.8262832,2215.550306,644.4909327,713.4558099,242.7449125,2577.066588,38.1955781
2113,453.3974185,53.79889562,440.6338853,96.85002843,48.00194317,75.15915758,244.088362,524.565881,203.5448582,408.2402438,2208.054191,641.7673517,707.298212,242.2101805,2581.429496,38.04630788
2114,453.5013818,53.73083694,439.8172626,96.13003483,47.93914291,74.79448016,243.2687083,523.9776835,203.2098168,406.6603424,2200.583439,639.0552804,701.1937582,241.6766264,2585.799791,37.89762102
2115,453.605369,53.66286436,439.0021534,95.41539374,47.8764248,74.43157217,242.451807,523.3901456,202.8753268,405.0865553,2193.137964,636.3546701,695.1419899,241.1442477,2590.177484,37.74951524
2116,453.7032644,53.59898063,438.2446849,94.74839027,47.81749431,74.09244719,241.6863414,522.8559094,202.5616225,403.6149283,2186.19551,633.8368636,689.5021066,240.6449841,2594.364392,37.61175118
2117,453.8011809,53.53517295,437.4885233,94.08604951,47.75863636,73.75486734,240.9232925,522.3222185,202.2484033,402.1486476,2179.275032,631.3290189,683.9079813,240.1467542,2598.558068,37.47448987
2118,453.8991185,53.47144123,436.7336664,93.42833885,47.69985085,73.41882557,240.1626527,521.7890723,201.9356685,400.6876936,2172.376461,628.8310969,678.3592427,239.6495558,2602.758522,37.3377295
2119,453.9970773,53.40778538,435.9801119,92.77522593,47.64113771,73.08431488,239.4044143,521.2564703,201.6234172,399.2320471,2165.499728,626.3430581,672.8555225,239.1533867,2606.965767,37.20146822
2120,454.0950572,53.34420531,435.2278577,92.12667861,47.58249683,72.75132828,238.6485699,520.724412,201.3116487,397.7816888,2158.644763,623.8648636,667.3964556,238.658245,2611.179812,37.06570421
2121,454.1869357,53.28467883,434.5310551,91.52345679,47.52760768,72.44125599,237.9429125,520.2421858,201.0203385,396.4302868,2152.275169,621.5622592,662.3261214,238.1956222,2615.189989,36.93981429
2122,454.2788328,53.22521878,433.8353681,90.92418471,47.47278184,72.13250525,237.2393415,519.7604063,200.7294498,395.083476,2145.924369,619.2681534,657.2943075,237.7338961,2619.206324,36.81435195
2123,454.3707484,53.16582508,433.1407949,90.32883651,47.41801925,71.82507043,236.537851,519.2790729,200.4389821,393.7412408,2139.592309,616.9825149,652.3007212,237.2730651,2623.228828,36.68931572
2124,454.4626827,53.10649765,432.4473337,89.73738649,47.36331983,71.51894593,235.8384347,518.7981852,200.1489346,392.4035656,2133.278933,614.7053124,647.345072,236.8131274,2627.257509,36.56470417
2125,454.5546355,53.04723643,431.7549828,89.14980914,47.30868351,71.21412615,235.1410865,518.3177429,199.8593069,391.0704349,2126.984187,612.4365147,642.4270719,236.3540812,2631.292378,36.44051585
2126,454.6404779,52.99199591,431.1160758,88.60548132,47.25776547,70.93143189,234.4927783,517.8838758,199.589834,389.8333361,2121.158554,610.3367536,637.8771712,235.9270034,2635.110869,36.32578361
2127,454.7263364,52.93681292,430.4781144,88.06447703,47.20690223,70.64985981,233.8462576,517.450372,199.3207245,388.6001507,2115.348878,608.2441916,633.3594945,235.5006974,2638.934902,36.21141261
2128,454.8122112,52.8816874,429.8410969,87.52677599,47.15609373,70.36940547,233.2015193,517.017231,199.0519778,387.3708663,2109.555113,606.1588041,628.8738137,235.0751616,2642.764485,36.09740169
2129,454.8981022,52.82661928,429.2050221,86.99235802,47.10533992,70.09006444,232.5585587,516.5844525,198.7835934,386.1454705,2103.777218,604.0805663,624.419902,234.6503947,2646.599625,35.98374974
2130,454.9840094,52.7716085,428.5698886,86.46120309,47.05464073,69.81183229,231.9173709,516.1520364,198.5155709,384.9239512,2098.015147,602.0094539,619.9975346,234.2263954,2650.44033,35.87045563
2131,455.0637976,52.72058786,427.9863631,85.97143621,47.00762875,69.55501083,231.3241723,515.763149,198.2674231,383.7958003,2092.707262,600.1014365,615.9248945,233.8338576,2654.052761,35.76624434
2132,455.1435998,52.66961655,427.4036321,85.48444365,46.96066374,69.29913415,230.7324911,515.3745546,198.0195854,382.6709559,2087.412805,598.1994664,611.8790068,233.4419776,2657.670115,35.6623358
2133,455.223416,52.61869452,426.8216945,85.00020971,46.91374565,69.04419879,230.1423232,514.9862531,197.7720575,381.5494082,2082.131743,596.3035244,607.8596957,233.0507544,2661.2924,35.55872915
2134,455.3032462,52.56782173,426.2405492,84.51871875,46.86687444,68.79020127,229.5536649,514.598244,197.524839,380.4311476,2076.864042,594.4135914,603.8667866,232.6601868,2664.919622,35.45542349
2135,455.3830903,52.51699811,425.6601952,84.03995523,46.82005006,68.53713815,228.9665123,514.2105274,197.2779295,379.3161644,2071.609668,592.5296484,599.9001062,232.2702738,2668.551787,35.35241796
2136,455.4568076,52.47013635,425.1297759,83.60091376,46.77688415,68.30483962,228.4263896,513.8635022,197.0506369,378.2921313,2066.795816,590.8034282,596.2668178,231.9113573,2671.944425,35.25816251
2137,455.5305367,52.42331641,424.6000176,83.16416593,46.73375804,68.07332844,227.8875411,513.5167112,196.8236061,377.2708628,2061.99315,589.0822371,592.6555344,231.5529954,2675.341376,35.16415836
2138,455.6042778,52.37653824,424.0709194,82.72969976,46.69067169,67.84260193,227.3499637,513.1701542,196.596837,376.2523514,2057.201645,587.3660603,589.0661227,231.1951873,2678.742646,35.07040485
2139,455.6780309,52.32980181,423.5424805,82.29750332,46.64762506,67.61265745,226.8136545,512.8238311,196.370329,375.2365897,2052.421273,585.6548832,585.4984502,230.8379321,2682.14824,34.9769013
2140,455.7517958,52.28310708,423.0147001,81.86756477,46.60461812,67.38349233,226.2786104,512.4777418,196.1440821,374.2235701,2047.65201,583.9486914,581.9523853,230.4812289,2685.558164,34.88364704
2141,455.8194265,52.24034815,422.5353358,81.47586102,46.5652432,67.17450972,225.7897237,512.169715,195.9372159,373.2993127,2043.310816,582.3953815,578.7252192,230.1550975,2688.717987,34.79884693
2142,455.8870672,52.19762419,422.0565148,81.08603142,46.52590156,66.96617525,225.3018933,511.8618734,195.7305678,372.377338,2038.978826,580.8462034,575.515949,229.8294275,2691.881528,34.71425298
2143,455.954718,52.15493517,421.5782363,80.698067,46.48659315,66.7584869,224.815117,511.5542168,195.5241377,371.4576404,2034.65602,579.3011462,572.3244756,229.5042184,2695.048791,34.62986466
2144,456.0223787,52.11228106,421.1004998,80.31195883,46.44731795,66.55144268,224.3293923,511.2467452,195.3179253,370.5402143,2030.342379,577.7601989,569.1507003,229.1794695,2698.219781,34.54568149
2145,456.0900495,52.06966183,420.6233047,79.92769804,46.40807593,66.34504058,223.844717,510.9394583,195.1119304,369.625054,2026.037884,576.2233505,565.9945248,228.8551801,2701.394502,34.46170296
2146,456.1515793,52.03095453,420.1931546,79.58034897,46.37244173,66.15829876,223.4054095,510.6678135,194.9251012,368.7966852,2022.150167,574.8350408,563.1444277,228.5610765,2704.309261,34.38591626
2147,456.2131173,51.99227601,419.7634443,79.23450941,46.3368349,65.97208257,222.9669642,510.3963132,194.7384509,367.9701729,2018.269911,573.4500761,560.3086824,228.2673508,2707.227165,34.31029623
2148,456.2746636,51.95362623,419.3341735,78.89017279,46.3012554,65.78639051,222.5293793,510.1249572,194.5519793,367.1455128,2014.3971,572.0684482,557.4872167,227.9740027,2710.148218,34.2348425
2149,456.3362182,51.91500519,418.9053416,78.54733259,46.26570323,65.60122113,222.0926532,509.8537454,194.3656863,366.3227009,2010.531721,570.6901491,554.6799586,227.6810315,2713.072422,34.15955471
2150,456.3977811,51.87641286,418.4769483,78.2059823,46.23017835,65.41657295,221.6567842,509.5826779,194.1795716,365.501733,2006.673759,569.3151707,551.8868366,227.3884368,2715.999781,34.08443248
2151,456.4531967,51.84171075,418.0943697,77.90037202,46.19823929,65.25111899,221.2655724,509.3450405,194.0124281,364.7657918,2003.222403,568.0848555,549.3884987,227.1256794,2718.658062,34.01727059
2152,456.5086191,51.80703185,417.7121407,77.59595599,46.16632229,65.08608351,220.875051,509.1075139,193.8454284,364.0313323,1999.776983,566.8571992,546.9014706,226.8632257,2721.318945,33.95024104
2153,456.5640481,51.77237615,417.3302613,77.29272955,46.13442735,64.92146544,220.4852189,508.8700981,193.6785725,363.2983517,1996.337489,565.6321958,544.4257009,226.6010752,2723.982432,33.88334356
2154,456.6194839,51.73774363,416.9487309,76.99068804,46.10255444,64.75726373,220.0960748,508.6327931,193.5118602,362.566847,1992.903911,564.4098397,541.9611389,226.3392277,2726.648525,33.81657791
2155,456.6749264,51.70313428,416.5675494,76.68982684,46.07070355,64.59347733,219.7076175,508.3955987,193.3452915,361.8368151,1989.476239,563.1901252,539.5077337,226.0776827,2729.317229,33.74994382
2156,456.724216,51.67239557,416.2310871,76.42367417,46.04241864,64.44847203,219.3631828,508.1898318,193.1975192,361.1902405,1986.446079,562.1116395,537.3392177,225.8456629,2731.70851,33.69106698
2157,456.7735109,51.64167513,415.8948966,76.15844519,46.01415109,64.30379226,219.019288,507.9841482,193.0498598,360.5448213,1983.420534,561.035219,535.1794178,225.6138811,2734.101886,33.63229285
2158,456.8228111,51.61097296,415.5589777,75.89413668,45.98590091,64.15943728,218.6759323,507.7785479,192.9023133,359.9005554,1980.399597,559.9608599,533.0282992,225.3823373,2736.49736,33.57362126
2159,456.8721166,51.58028904,415.2233301,75.63074546,45.95766806,64.01540636,218.3331149,507.5730308,192.7548796,359.2574408,1977.383261,558.8885581,530.8858269,225.151031,2738.894932,33.51505202
2160,456.9214274,51.54962336,414.8879535,75.36826834,45.92945255,63.87169877,217.990835,507.3675968,192.6075585,358.6154753,1974.37152,557.8183097,528.751966,224.9199622,2741.294605,33.45658495
2161,456.9645802,51.52281083,414.5963308,75.13959884,45.90478532,63.74640926,217.6920159,507.191798,192.4788788,358.0555842,1971.74924,556.8862739,526.8943897,224.7181414,2743.409314,33.40569841
2162,457.0077371,51.49601225,414.304913,74.91162313,45.88013134,63.62136551,217.3936065,507.0160601,192.350285,357.4965673,1969.130444,555.9557953,525.0433393,224.5165017,2745.525655,33.35488927
2163,457.050898,51.46922761,414.0137001,74.68433911,45.85549059,63.49656705,217.0956062,506.8403831,192.2217772,356.9384231,1966.515126,555.0268715,523.1987919,224.315043,2747.643629,33.30415741
2164,457.0940631,51.4424569,413.7226919,74.45774467,45.83086308,63.37201339,216.7980143,506.6647669,192.0933552,356.3811503,1963.903282,554.0994997,521.3607246,224.113765,2749.763236,33.25350271
2165,457.1372322,51.41570012,413.4318882,74.23183773,45.8062488,63.24770405,216.5008304,506.4892116,191.965019,355.8247475,1961.294906,553.1736775,519.5291147,223.9126676,2751.884479,33.20292506
2166,457.1742388,51.39278107,413.1839979,74.03895974,45.78516721,63.14149735,216.2466164,506.3417102,191.855188,355.3492147,1959.068957,552.3834493,517.9663813,223.7405755,2753.714045,33.15977578
2167,457.2112484,51.36987223,412.9362562,73.84658291,45.76409531,63.035469,215.992701,506.1942517,191.7454198,354.8743174,1956.845534,551.5943499,516.4083486,223.5686157,2755.544827,33.11668258
2168,457.2482609,51.34697361,412.6886631,73.65470594,45.74303312,62.9296187,215.7390836,506.0468362,191.6357145,354.4000548,1954.624635,550.8063778,514.8550024,223.3967881,2757.376826,33.07364537
2169,457.2852765,51.3240852,412.4412185,73.46332753,45.72198062,62.82394614,215.4857641,505.8994636,191.5260719,353.9264259,1952.406256,550.0195314,513.3063287,223.2250925,2759.210043,33.0306641
2170,457.3222951,51.30120698,412.1939222,73.27244638,45.7009378,62.71845102,215.232742,505.7521339,191.416492,353.4534301,1950.190395,549.233809,511.7623133,223.0535289,2761.04448,32.98773869
2171,457.3531472,51.28215314,411.9888202,73.11393064,45.68341416,62.63078859,215.0222672,505.6314893,191.3252999,353.0602714,1948.350913,548.5814426,510.4808837,222.9107613,2762.581377,32.95211256
2172,457.3840014,51.26310637,411.7838202,72.95575783,45.66589724,62.54324869,214.8119982,505.5108734,191.2341512,352.66755,1946.513165,547.929851,509.2026627,222.768085,2764.11913,32.91652491
2173,457.4148577,51.24406668,411.5789222,72.79792721,45.64838704,62.45583114,214.6019348,505.3902862,191.1430459,352.2752654,1944.677151,547.2790334,507.9276423,222.6255001,2765.657738,32.8809757
2174,457.4457161,51.22503406,411.3741261,72.64043803,45.63088355,62.36853577,214.3920769,505.2697279,191.0519841,351.8834172,1942.842869,546.6289888,506.6558145,222.4830064,2767.197204,32.84546488
2175,457.4765766,51.2060085,411.169432,72.48328956,45.61338677,62.28136242,214.1824242,505.1491983,190.9609656,351.4920048,1941.010317,545.9797163,505.3871713,222.340604,2768.737526,32.8099924
2176,457.5012673,51.19079598,411.0063306,72.35795206,45.59939771,62.21179544,214.0149626,505.0541983,190.8882358,351.1795625,1939.54906,545.4619271,504.3758734,222.2268209,2769.97532,32.78171194
2177,457.5259593,51.17558797,410.8432938,72.2328313,45.58541295,62.14230616,213.847632,504.9592162,190.8155337,350.867398,1938.088903,544.9446291,503.3665993,222.1130961,2771.213667,32.75345584
2178,457.5506527,51.16038448,410.6803218,72.10792689,45.57143247,62.07289449,213.6804322,504.8642519,190.7428593,350.5555109,1936.629846,544.4278216,502.3593447,221.9994294,2772.452567,32.72522411
2179,457.5753474,51.1451855,410.5174144,71.98323847,45.55745628,62.00356036,213.5133631,504.7693055,190.6702126,350.2439011,1935.171887,543.9115042,501.3541056,221.885821,2773.692022,32.69701671
2180,457.6000434,51.12999105,410.3545716,71.85876565,45.54348437,61.93430367,213.3464246,504.6743769,190.5975935,349.9325682,1933.715025,543.3956765,500.3508781,221.7722706,2774.932031,32.66883362
2181,457.6185669,51.11860028,410.2328348,71.76565346,45.53301077,61.88246916,213.2213861,504.6040371,190.5431821,349.6994992,1932.625322,543.0098126,499.6007508,221.6871953,2775.865413,32.647756
2182,457.6370912,51.10721205,410.1111342,71.67266193,45.52253958,61.83067803,213.0964209,504.533707,190.4887862,349.4665853,1931.536233,542.6242228,498.851748,221.6021525,2776.799109,32.62669198
2183,457.6556162,51.09582636,409.9894696,71.57979088,45.5120708,61.77893024,212.9715289,504.4633868,190.4344059,349.2338266,1930.447757,542.2389067,498.1038682,221.5171424,2777.733119,32.60564156
2184,457.674142,51.08444321,409.8678411,71.48704018,45.50160442,61.72722576,212.84671,504.3930764,190.3800411,349.001223,1929.359895,541.8538642,497.3571096,221.4321649,2778.667443,32.58460471
2185,457.6926685,51.07306259,409.7462488,71.39440966,45.49114046,61.67556455,212.7219644,504.3227757,190.3256918,348.7687742,1928.272646,541.4690952,496.6114705,221.34722,2779.602082,32.56358144
2186,457.7050204,51.06547833,409.6653881,71.33278947,45.4841674,61.6411822,212.638891,504.2763384,190.289487,348.6140397,1927.549348,541.2131133,496.1156371,221.2906372,2780.226902,32.54959703
2187,457.7173726,51.05789519,409.5845433,71.27122246,45.47719542,61.60681902,212.5558501,504.2299053,190.2532891,348.4593738,1926.826322,540.9572524,495.6202986,221.2340689,2780.851863,32.53561862
2188,457.7297251,51.05031318,409.5037145,71.20970859,45.47022451,61.572475,212.4728417,504.1834766,190.2170982,348.3047766,1926.103567,540.7015125,495.1254548,221.177515,2781.476964,32.52164622
2189,457.7420779,51.0427323,409.4229017,71.14824781,45.46325466,61.53815012,212.3898656,504.1370521,190.1809141,348.150248,1925.381083,540.4458935,494.631105,221.1209757,2782.102206,32.50767981
2190,457.7544311,51.03515254,409.3421048,71.08684007,45.45628589,61.50384438,212.3069219,504.0906319,190.1447368,347.9957879,1924.65887,540.1903954,494.1372488,221.0644507,2782.727588,32.49371941
2191,457.760608,51.03136379,409.3017758,71.05618924,45.45280265,61.48671408,212.2654855,504.0675658,190.1266587,347.918646,1924.298319,540.0628425,493.8908193,221.0362063,2783.04088,32.4867505
2192,457.7667851,51.02757532,409.2614507,71.02555161,45.44931968,61.46958856,212.2240572,504.0445008,190.1085823,347.8415213,1923.937835,539.9353198,493.6445127,221.0079655,2783.354208,32.47978309
2193,457.7729621,51.02378713,409.2211296,70.9949272,45.44583698,61.4524678,212.182637,504.0214369,190.0905077,347.7644136,1923.577419,539.8078272,493.398329,220.9797284,2783.66757,32.47281717
2194,457.7791393,51.01999922,409.1808125,70.964316,45.44235455,61.43535182,212.1412249,503.998374,190.0724347,347.6873231,1923.217071,539.6803647,493.1522681,220.9514948,2783.980968,32.46585275
2195,457.7853166,51.01621159,409.1404994,70.93371799,45.43887238,61.4182406,212.0998208,503.9753122,190.0543635,347.6102496,1922.85679,539.5529323,492.9063298,220.9232649,2784.294401,32.45888982
2196,457.7853166,51.01621159,409.1404994,70.93371799,45.43887238,61.4182406,212.0998208,503.9753122,190.0543635,347.6102496,1922.85679,539.5529323,492.9063298,220.9232649,2784.294401,32.45888982
2197,457.7853166,51.01621159,409.1404994,70.93371799,45.43887238,61.4182406,212.0998208,503.9753122,190.0543635,347.6102496,1922.85679,539.5529323,492.9063298,220.9232649,2784.294401,32.45888982
2198,457.7853166,51.01621159,409.1404994,70.93371799,45.43887238,61.4182406,212.0998208,503.9753122,190.0543635,347.6102496,1922.85679,539.5529323,492.9063298,220.9232649,2784.294401,32.45888982
2199,457.7853166,51.01621159,409.1404994,70.93371799,45.43887238,61.4182406,212.0998208,503.9753122,190.0543635,347.6102496,1922.85679,539.5529323,492.9063298,220.9232649,2784.294401,32.45888982
2200,457.7853166,51.01621159,409.1404994,70.93371799,45.43887238,61.4182406,212.0998208,503.9753122,190.0543635,347.6102496,1922.85679,539.5529323,492.9063298,220.9232649,2784.294401,32.45888982
2201,457.7853166,51.01621159,409.1404994,70.93371799,45.43887238,61.4182406,212.0998208,503.9753122,190.0543635,347.6102496,1922.85679,539.5529323,492.9063298,220.9232649,2784.294401,32.45888982
2202,457.7853166,51.01621159,409.1404994,70.93371799,45.43887238,61.4182406,212.0998208,503.9753122,190.0543635,347.6102496,1922.85679,539.5529323,492.9063298,220.9232649,2784.294401,32.45888982
2203,457.7853166,51.01621159,409.1404994,70.93371799,45.43887238,61.4182406,212.0998208,503.9753122,190.0543635,347.6102496,1922.85679,539.5529323,492.9063298,220.9232649,2784.294401,32.45888982
2204,457.7853166,51.01621159,409.1404994,70.93371799,45.43887238,61.4182406,212.0998208,503.9753122,190.0543635,347.6102496,1922.85679,539.5529323,492.9063298,220.9232649,2784.294401,32.45888982
2205,457.7853166,51.01621159,409.1404994,70.93371799,45.43887238,61.4182406,212.0998208,503.9753122,190.0543635,347.6102496,1922.85679,539.5529323,492.9063298,220.9232649,2784.294401,32.45888982
2206,457.7853166,51.01621159,409.1404994,70.93371799,45.43887238,61.4182406,212.0998208,503.9753122,190.0543635,347.6102496,1922.85679,539.5529323,492.9063298,220.9232649,2784.294401,32.45888982
2207,457.7853166,51.01621159,409.1404994,70.93371799,45.43887238,61.4182406,212.0998208,503.9753122,190.0543635,347.6102496,1922.85679,539.5529323,492.9063298,220.9232649,2784.294401,32.45888982
2208,457.7853166,51.01621159,409.1404994,70.93371799,45.43887238,61.4182406,212.0998208,503.9753122,190.0543635,347.6102496,1922.85679,539.5529323,492.9063298,220.9232649,2784.294401,32.45888982
2209,457.7853166,51.01621159,409.1404994,70.93371799,45.43887238,61.4182406,212.0998208,503.9753122,190.0543635,347.6102496,1922.85679,539.5529323,492.9063298,220.9232649,2784.294401,32.45888982
2210,457.7853166,51.01621159,409.1404994,70.93371799,45.43887238,61.4182406,212.0998208,503.9753122,190.0543635,347.6102496,1922.85679,539.5529323,492.9063298,220.9232649,2784.294401,32.45888982
2211,457.7853166,51.01621159,409.1404994,70.93371799,45.43887238,61.4182406,212.0998208,503.9753122,190.0543635,347.6102496,1922.85679,539.5529323,492.9063298,220.9232649,2784.294401,32.45888982
2212,457.7853166,51.01621159,409.1404994,70.93371799,45.43887238,61.4182406,212.0998208,503.9753122,190.0543635,347.6102496,1922.85679,539.5529323,492.9063298,220.9232649,2784.294401,32.45888982
2213,457.7853166,51.01621159,409.1404994,70.93371799,45.43887238,61.4182406,212.0998208,503.9753122,190.0543635,347.6102496,1922.85679,539.5529323,492.9063298,220.9232649,2784.294401,32.45888982
2214,457.7853166,51.01621159,409.1404994,70.93371799,45.43887238,61.4182406,212.0998208,503.9753122,190.0543635,347.6102496,1922.85679,539.5529323,492.9063298,220.9232649,2784.294401,32.45888982
2215,457.7853166,51.01621159,409.1404994,70.93371799,45.43887238,61.4182406,212.0998208,503.9753122,190.0543635,347.6102496,1922.85679,539.5529323,492.9063298,220.9232649,2784.294401,32.45888982
2216,457.7853166,51.01621159,409.1404994,70.93371799,45.43887238,61.4182406,212.0998208,503.9753122,190.0543635,347.6102496,1922.85679,539.5529323,492.9063298,220.9232649,2784.294401,32.45888982
2217,457.7853166,51.01621159,409.1404994,70.93371799,45.43887238,61.4182406,212.0998208,503.9753122,190.0543635,347.6102496,1922.85679,539.5529323,492.9063298,220.9232649,2784.294401,32.45888982
2218,457.7853166,51.01621159,409.1404994,70.93371799,45.43887238,61.4182406,212.0998208,503.9753122,190.0543635,347.6102496,1922.85679,539.5529323,492.9063298,220.9232649,2784.294401,32.45888982
2219,457.7853166,51.01621159,409.1404994,70.93371799,45.43887238,61.4182406,212.0998208,503.9753122,190.0543635,347.6102496,1922.85679,539.5529323,492.9063298,220.9232649,2784.294401,32.45888982
2220,457.7853166,51.01621159,409.1404994,70.93371799,45.43887238,61.4182406,212.0998208,503.9753122,190.0543635,347.6102496,1922.85679,539.5529323,492.9063298,220.9232649,2784.294401,32.45888982
2221,457.7853166,51.01621159,409.1404994,70.93371799,45.43887238,61.4182406,212.0998208,503.9753122,190.0543635,347.6102496,1922.85679,539.5529323,492.9063298,220.9232649,2784.294401,32.45888982
2222,457.7853166,51.01621159,409.1404994,70.93371799,45.43887238,61.4182406,212.0998208,503.9753122,190.0543635,347.6102496,1922.85679,539.5529323,492.9063298,220.9232649,2784.294401,32.45888982
2223,457.7853166,51.01621159,409.1404994,70.93371799,45.43887238,61.4182406,212.0998208,503.9753122,190.0543635,347.6102496,1922.85679,539.5529323,492.9063298,220.9232649,2784.294401,32.45888982
2224,457.7853166,51.01621159,409.1404994,70.93371799,45.43887238,61.4182406,212.0998208,503.9753122,190.0543635,347.6102496,1922.85679,539.5529323,492.9063298,220.9232649,2784.294401,32.45888982
2225,457.7853166,51.01621159,409.1404994,70.93371799,45.43887238,61.4182406,212.0998208,503.9753122,190.0543635,347.6102496,1922.85679,539.5529323,492.9063298,220.9232649,2784.294401,32.45888982
2226,457.7853166,51.01621159,409.1404994,70.93371799,45.43887238,61.4182406,212.0998208,503.9753122,190.0543635,347.6102496,1922.85679,539.5529323,492.9063298,220.9232649,2784.294401,32.45888982
2227,457.7853166,51.01621159,409.1404994,70.93371799,45.43887238,61.4182406,212.0998208,503.9753122,190.0543635,347.6102496,1922.85679,539.5529323,492.9063298,220.9232649,2784.294401,32.45888982
2228,457.7853166,51.01621159,409.1404994,70.93371799,45.43887238,61.4182406,212.0998208,503.9753122,190.0543635,347.6102496,1922.85679,539.5529323,492.9063298,220.9232649,2784.294401,32.45888982
2229,457.7853166,51.01621159,409.1404994,70.93371799,45.43887238,61.4182406,212.0998208,503.9753122,190.0543635,347.6102496,1922.85679,539.5529323,492.9063298,220.9232649,2784.294401,32.45888982
2230,457.7853166,51.01621159,409.1404994,70.93371799,45.43887238,61.4182406,212.0998208,503.9753122,190.0543635,347.6102496,1922.85679,539.5529323,492.9063298,220.9232649,2784.294401,32.45888982
2231,457.7853166,51.01621159,409.1404994,70.93371799,45.43887238,61.4182406,212.0998208,503.9753122,190.0543635,347.6102496,1922.85679,539.5529323,492.9063298,220.9232649,2784.294401,32.45888982
2232,457.7853166,51.01621159,409.1404994,70.93371799,45.43887238,61.4182406,212.0998208,503.9753122,190.0543635,347.6102496,1922.85679,539.5529323,492.9063298,220.9232649,2784.294401,32.45888982
2233,457.7853166,51.01621159,409.1404994,70.93371799,45.43887238,61.4182406,212.0998208,503.9753122,190.0543635,347.6102496,1922.85679,539.5529323,492.9063298,220.9232649,2784.294401,32.45888982
2234,457.7853166,51.01621159,409.1404994,70.93371799,45.43887238,61.4182406,212.0998208,503.9753122,190.0543635,347.6102496,1922.85679,539.5529323,492.9063298,220.9232649,2784.294401,32.45888982
2235,457.7853166,51.01621159,409.1404994,70.93371799,45.43887238,61.4182406,212.0998208,503.9753122,190.0543635,347.6102496,1922.85679,539.5529323,492.9063298,220.9232649,2784.294401,32.45888982
2236,457.7853166,51.01621159,409.1404994,70.93371799,45.43887238,61.4182406,212.0998208,503.9753122,190.0543635,347.6102496,1922.85679,539.5529323,492.9063298,220.9232649,2784.294401,32.45888982
2237,457.7853166,51.01621159,409.1404994,70.93371799,45.43887238,61.4182406,212.0998208,503.9753122,190.0543635,347.6102496,1922.85679,539.5529323,492.9063298,220.9232649,2784.294401,32.45888982
2238,457.7853166,51.01621159,409.1404994,70.93371799,45.43887238,61.4182406,212.0998208,503.9753122,190.0543635,347.6102496,1922.85679,539.5529323,492.9063298,220.9232649,2784.294401,32.45888982
2239,457.7853166,51.01621159,409.1404994,70.93371799,45.43887238,61.4182406,212.0998208,503.9753122,190.0543635,347.6102496,1922.85679,539.5529323,492.9063298,220.9232649,2784.294401,32.45888982
2240,457.7853166,51.01621159,409.1404994,70.93371799,45.43887238,61.4182406,212.0998208,503.9753122,190.0543635,347.6102496,1922.85679,539.5529323,492.9063298,220.9232649,2784.294401,32.45888982
2241,457.7853166,51.01621159,409.1404994,70.93371799,45.43887238,61.4182406,212.0998208,503.9753122,190.0543635,347.6102496,1922.85679,539.5529323,492.9063298,220.9232649,2784.294401,32.45888982
2242,457.7853166,51.01621159,409.1404994,70.93371799,45.43887238,61.4182406,212.0998208,503.9753122,190.0543635,347.6102496,1922.85679,539.5529323,492.9063298,220.9232649,2784.294401,32.45888982
2243,457.7853166,51.01621159,409.1404994,70.93371799,45.43887238,61.4182406,212.0998208,503.9753122,190.0543635,347.6102496,1922.85679,539.5529323,492.9063298,220.9232649,2784.294401,32.45888982
2244,457.7853166,51.01621159,409.1404994,70.93371799,45.43887238,61.4182406,212.0998208,503.9753122,190.0543635,347.6102496,1922.85679,539.5529323,492.9063298,220.9232649,2784.294401,32.45888982
2245,457.7853166,51.01621159,409.1404994,70.93371799,45.43887238,61.4182406,212.0998208,503.9753122,190.0543635,347.6102496,1922.85679,539.5529323,492.9063298,220.9232649,2784.294401,32.45888982
2246,457.7853166,51.01621159,409.1404994,70.93371799,45.43887238,61.4182406,212.0998208,503.9753122,190.0543635,347.6102496,1922.85679,539.5529323,492.9063298,220.9232649,2784.294401,32.45888982
2247,457.7853166,51.01621159,409.1404994,70.93371799,45.43887238,61.4182406,212.0998208,503.9753122,190.0543635,347.6102496,1922.85679,539.5529323,492.9063298,220.9232649,2784.294401,32.45888982
2248,457.7853166,51.01621159,409.1404994,70.93371799,45.43887238,61.4182406,212.0998208,503.9753122,190.0543635,347.6102496,1922.85679,539.5529323,492.9063298,220.9232649,2784.294401,32.45888982
2249,457.7853166,51.01621159,409.1404994,70.93371799,45.43887238,61.4182406,212.0998208,503.9753122,190.0543635,347.6102496,1922.85679,539.5529323,492.9063298,220.9232649,2784.294401,32.45888982
2250,457.7853166,51.01621159,409.1404994,70.93371799,45.43887238,61.4182406,212.0998208,503.9753122,190.0543635,347.6102496,1922.85679,539.5529323,492.9063298,220.9232649,2784.294401,32.45888982
2251,457.7853166,51.01621159,409.1404994,70.93371799,45.43887238,61.4182406,212.0998208,503.9753122,190.0543635,347.6102496,1922.85679,539.5529323,492.9063298,220.9232649,2784.294401,32.45888982
2252,457.7853166,51.01621159,409.1404994,70.93371799,45.43887238,61.4182406,212.0998208,503.9753122,190.0543635,347.6102496,1922.85679,539.5529323,492.9063298,220.9232649,2784.294401,32.45888982
2253,457.7853166,51.01621159,409.1404994,70.93371799,45.43887238,61.4182406,212.0998208,503.9753122,190.0543635,347.6102496,1922.85679,539.5529323,492.9063298,220.9232649,2784.294401,32.45888982
2254,457.7853166,51.01621159,409.1404994,70.93371799,45.43887238,61.4182406,212.0998208,503.9753122,190.0543635,347.6102496,1922.85679,539.5529323,492.9063298,220.9232649,2784.294401,32.45888982
2255,457.7853166,51.01621159,409.1404994,70.93371799,45.43887238,61.4182406,212.0998208,503.9753122,190.0543635,347.6102496,1922.85679,539.5529323,492.9063298,220.9232649,2784.294401,32.45888982
2256,457.7853166,51.01621159,409.1404994,70.93371799,45.43887238,61.4182406,212.0998208,503.9753122,190.0543635,347.6102496,1922.85679,539.5529323,492.9063298,220.9232649,2784.294401,32.45888982
2257,457.7853166,51.01621159,409.1404994,70.93371799,45.43887238,61.4182406,212.0998208,503.9753122,190.0543635,347.6102496,1922.85679,539.5529323,492.9063298,220.9232649,2784.294401,32.45888982
2258,457.7853166,51.01621159,409.1404994,70.93371799,45.43887238,61.4182406,212.0998208,503.9753122,190.0543635,347.6102496,1922.85679,539.5529323,492.9063298,220.9232649,2784.294401,32.45888982
2259,457.7853166,51.01621159,409.1404994,70.93371799,45.43887238,61.4182406,212.0998208,503.9753122,190.0543635,347.6102496,1922.85679,539.5529323,492.9063298,220.9232649,2784.294401,32.45888982
2260,457.7853166,51.01621159,409.1404994,70.93371799,45.43887238,61.4182406,212.0998208,503.9753122,190.0543635,347.6102496,1922.85679,539.5529323,492.9063298,220.9232649,2784.294401,32.45888982
2261,457.7853166,51.01621159,409.1404994,70.93371799,45.43887238,61.4182406,212.0998208,503.9753122,190.0543635,347.6102496,1922.85679,539.5529323,492.9063298,220.9232649,2784.294401,32.45888982
2262,457.7853166,51.01621159,409.1404994,70.93371799,45.43887238,61.4182406,212.0998208,503.9753122,190.0543635,347.6102496,1922.85679,539.5529323,492.9063298,220.9232649,2784.294401,32.45888982
2263,457.7853166,51.01621159,409.1404994,70.93371799,45.43887238,61.4182406,212.0998208,503.9753122,190.0543635,347.6102496,1922.85679,539.5529323,492.9063298,220.9232649,2784.294401,32.45888982
2264,457.7853166,51.01621159,409.1404994,70.93371799,45.43887238,61.4182406,212.0998208,503.9753122,190.0543635,347.6102496,1922.85679,539.5529323,492.9063298,220.9232649,2784.294401,32.45888982
2265,457.7853166,51.01621159,409.1404994,70.93371799,45.43887238,61.4182406,212.0998208,503.9753122,190.0543635,347.6102496,1922.85679,539.5529323,492.9063298,220.9232649,2784.294401,32.45888982
2266,457.7853166,51.01621159,409.1404994,70.93371799,45.43887238,61.4182406,212.0998208,503.9753122,190.0543635,347.6102496,1922.85679,539.5529323,492.9063298,220.9232649,2784.294401,32.45888982
2267,457.7853166,51.01621159,409.1404994,70.93371799,45.43887238,61.4182406,212.0998208,503.9753122,190.0543635,347.6102496,1922.85679,539.5529323,492.9063298,220.9232649,2784.294401,32.45888982
2268,457.7853166,51.01621159,409.1404994,70.93371799,45.43887238,61.4182406,212.0998208,503.9753122,190.0543635,347.6102496,1922.85679,539.5529323,492.9063298,220.9232649,2784.294401,32.45888982
2269,457.7853166,51.01621159,409.1404994,70.93371799,45.43887238,61.4182406,212.0998208,503.9753122,190.0543635,347.6102496,1922.85679,539.5529323,492.9063298,220.9232649,2784.294401,32.45888982
2270,457.7853166,51.01621159,409.1404994,70.93371799,45.43887238,61.4182406,212.0998208,503.9753122,190.0543635,347.6102496,1922.85679,539.5529323,492.9063298,220.9232649,2784.294401,32.45888982
2271,457.7853166,51.01621159,409.1404994,70.93371799,45.43887238,61.4182406,212.0998208,503.9753122,190.0543635,347.6102496,1922.85679,539.5529323,492.9063298,220.9232649,2784.294401,32.45888982
2272,457.7853166,51.01621159,409.1404994,70.93371799,45.43887238,61.4182406,212.0998208,503.9753122,190.0543635,347.6102496,1922.85679,539.5529323,492.9063298,220.9232649,2784.294401,32.45888982
2273,457.7853166,51.01621159,409.1404994,70.93371799,45.43887238,61.4182406,212.0998208,503.9753122,190.0543635,347.6102496,1922.85679,539.5529323,492.9063298,220.9232649,2784.294401,32.45888982
2274,457.7853166,51.01621159,409.1404994,70.93371799,45.43887238,61.4182406,212.0998208,503.9753122,190.0543635,347.6102496,1922.85679,539.5529323,492.9063298,220.9232649,2784.294401,32.45888982
2275,457.7853166,51.01621159,409.1404994,70.93371799,45.43887238,61.4182406,212.0998208,503.9753122,190.0543635,347.6102496,1922.85679,539.5529323,492.9063298,220.9232649,2784.294401,32.45888982
2276,457.7853166,51.01621159,409.1404994,70.93371799,45.43887238,61.4182406,212.0998208,503.9753122,190.0543635,347.6102496,1922.85679,539.5529323,492.9063298,220.9232649,2784.294401,32.45888982
2277,457.7853166,51.01621159,409.1404994,70.93371799,45.43887238,61.4182406,212.0998208,503.9753122,190.0543635,347.6102496,1922.85679,539.5529323,492.9063298,220.9232649,2784.294401,32.45888982
2278,457.7853166,51.01621159,409.1404994,70.93371799,45.43887238,61.4182406,212.0998208,503.9753122,190.0543635,347.6102496,1922.85679,539.5529323,492.9063298,220.9232649,2784.294401,32.45888982
2279,457.7853166,51.01621159,409.1404994,70.93371799,45.43887238,61.4182406,212.0998208,503.9753122,190.0543635,347.6102496,1922.85679,539.5529323,492.9063298,220.9232649,2784.294401,32.45888982
2280,457.7853166,51.01621159,409.1404994,70.93371799,45.43887238,61.4182406,212.0998208,503.9753122,190.0543635,347.6102496,1922.85679,539.5529323,492.9063298,220.9232649,2784.294401,32.45888982
2281,457.7853166,51.01621159,409.1404994,70.93371799,45.43887238,61.4182406,212.0998208,503.9753122,190.0543635,347.6102496,1922.85679,539.5529323,492.9063298,220.9232649,2784.294401,32.45888982
2282,457.7853166,51.01621159,409.1404994,70.93371799,45.43887238,61.4182406,212.0998208,503.9753122,190.0543635,347.6102496,1922.85679,539.5529323,492.9063298,220.9232649,2784.294401,32.45888982
2283,457.7853166,51.01621159,409.1404994,70.93371799,45.43887238,61.4182406,212.0998208,503.9753122,190.0543635,347.6102496,1922.85679,539.5529323,492.9063298,220.9232649,2784.294401,32.45888982
2284,457.7853166,51.01621159,409.1404994,70.93371799,45.43887238,61.4182406,212.0998208,503.9753122,190.0543635,347.6102496,1922.85679,539.5529323,492.9063298,220.9232649,2784.294401,32.45888982
2285,457.7853166,51.01621159,409.1404994,70.93371799,45.43887238,61.4182406,212.0998208,503.9753122,190.0543635,347.6102496,1922.85679,539.5529323,492.9063298,220.9232649,2784.294401,32.45888982
2286,457.7853166,51.01621159,409.1404994,70.93371799,45.43887238,61.4182406,212.0998208,503.9753122,190.0543635,347.6102496,1922.85679,539.5529323,492.9063298,220.9232649,2784.294401,32.45888982
2287,457.7853166,51.01621159,409.1404994,70.93371799,45.43887238,61.4182406,212.0998208,503.9753122,190.0543635,347.6102496,1922.85679,539.5529323,492.9063298,220.9232649,2784.294401,32.45888982
2288,457.7853166,51.01621159,409.1404994,70.93371799,45.43887238,61.4182406,212.0998208,503.9753122,190.0543635,347.6102496,1922.85679,539.5529323,492.9063298,220.9232649,2784.294401,32.45888982
2289,457.7853166,51.01621159,409.1404994,70.93371799,45.43887238,61.4182406,212.0998208,503.9753122,190.0543635,347.6102496,1922.85679,539.5529323,492.9063298,220.9232649,2784.294401,32.45888982
2290,457.7853166,51.01621159,409.1404994,70.93371799,45.43887238,61.4182406,212.0998208,503.9753122,190.0543635,347.6102496,1922.85679,539.5529323,492.9063298,220.9232649,2784.294401,32.45888982
2291,457.7853166,51.01621159,409.1404994,70.93371799,45.43887238,61.4182406,212.0998208,503.9753122,190.0543635,347.6102496,1922.85679,539.5529323,492.9063298,220.9232649,2784.294401,32.45888982
2292,457.7853166,51.01621159,409.1404994,70.93371799,45.43887238,61.4182406,212.0998208,503.9753122,190.0543635,347.6102496,1922.85679,539.5529323,492.9063298,220.9232649,2784.294401,32.45888982
2293,457.7853166,51.01621159,409.1404994,70.93371799,45.43887238,61.4182406,212.0998208,503.9753122,190.0543635,347.6102496,1922.85679,539.5529323,492.9063298,220.9232649,2784.294401,32.45888982
2294,457.7853166,51.01621159,409.1404994,70.93371799,45.43887238,61.4182406,212.0998208,503.9753122,190.0543635,347.6102496,1922.85679,539.5529323,492.9063298,220.9232649,2784.294401,32.45888982
2295,457.7853166,51.01621159,409.1404994,70.93371799,45.43887238,61.4182406,212.0998208,503.9753122,190.0543635,347.6102496,1922.85679,539.5529323,492.9063298,220.9232649,2784.294401,32.45888982
2296,457.7853166,51.01621159,409.1404994,70.93371799,45.43887238,61.4182406,212.0998208,503.9753122,190.0543635,347.6102496,1922.85679,539.5529323,492.9063298,220.9232649,2784.294401,32.45888982
2297,457.7853166,51.01621159,409.1404994,70.93371799,45.43887238,61.4182406,212.0998208,503.9753122,190.0543635,347.6102496,1922.85679,539.5529323,492.9063298,220.9232649,2784.294401,32.45888982
2298,457.7853166,51.01621159,409.1404994,70.93371799,45.43887238,61.4182406,212.0998208,503.9753122,190.0543635,347.6102496,1922.85679,539.5529323,492.9063298,220.9232649,2784.294401,32.45888982
2299,457.7853166,51.01621159,409.1404994,70.93371799,45.43887238,61.4182406,212.0998208,503.9753122,190.0543635,347.6102496,1922.85679,539.5529323,492.9063298,220.9232649,2784.294401,32.45888982
2300,457.7853166,51.01621159,409.1404994,70.93371799,45.43887238,61.4182406,212.0998208,503.9753122,190.0543635,347.6102496,1922.85679,539.5529323,492.9063298,220.9232649,2784.294401,32.45888982